,temp,design,hub_material,folder,subfolder_i,timestep,date,def_file,config,field_n,field,M2_offset_init,M2_offset_final,wfe
0,3,sandwich hub,Ti,SYS_11_(Static_Structural)\,3,_Timestep_00001,_20240405\,SYS_11_(Static_Structural)\03_Timestep_00001_20240405\Surface_00_Deformation.txt,VNIR,1.0,on-axis,-93.6892240574511,-93.67772869153706,0.15955049418989273
1,3,sandwich hub,Ti,SYS_11_(Static_Structural)\,3,_Timestep_00001,_20240405\,SYS_11_(Static_Structural)\03_Timestep_00001_20240405\Surface_00_Deformation.txt,VNIR,2.0,-++corner,-93.6892240574511,-93.67772869153706,0.7195083949143808
2,3,sandwich hub,Ti,SYS_11_(Static_Structural)\,3,_Timestep_00001,_20240405\,SYS_11_(Static_Structural)\03_Timestep_00001_20240405\Surface_00_Deformation.txt,SWIR,1.0,on-axis,-93.6892240574511,-93.67772869153706,0.28796039683240715
3,3,sandwich hub,Ti,SYS_11_(Static_Structural)\,3,_Timestep_00001,_20240405\,SYS_11_(Static_Structural)\03_Timestep_00001_20240405\Surface_00_Deformation.txt,SWIR,2.0,-++corner,-93.6892240574511,-93.67772869153706,0.26979699459029044
4,8,sandwich hub,Ti,SYS_11_(Static_Structural)\,7,_Timestep_00002,_20240405\,SYS_11_(Static_Structural)\07_Timestep_00002_20240405\Surface_00_Deformation.txt,VNIR,1.0,on-axis,-93.6892240574511,-93.67933760888594,0.10668201344172805
5,8,sandwich hub,Ti,SYS_11_(Static_Structural)\,7,_Timestep_00002,_20240405\,SYS_11_(Static_Structural)\07_Timestep_00002_20240405\Surface_00_Deformation.txt,VNIR,2.0,-++corner,-93.6892240574511,-93.67933760888594,0.6211158878684179
6,8,sandwich hub,Ti,SYS_11_(Static_Structural)\,7,_Timestep_00002,_20240405\,SYS_11_(Static_Structural)\07_Timestep_00002_20240405\Surface_00_Deformation.txt,SWIR,1.0,on-axis,-93.6892240574511,-93.67933760888594,0.24802236049058748
7,8,sandwich hub,Ti,SYS_11_(Static_Structural)\,7,_Timestep_00002,_20240405\,SYS_11_(Static_Structural)\07_Timestep_00002_20240405\Surface_00_Deformation.txt,SWIR,2.0,-++corner,-93.6892240574511,-93.67933760888594,0.22980356783209818
8,13,sandwich hub,Ti,SYS_11_(Static_Structural)\,11,_Timestep_00003,_20240405\,SYS_11_(Static_Structural)\11_Timestep_00003_20240405\Surface_00_Deformation.txt,VNIR,1.0,on-axis,-93.6892240574511,-93.68153428985343,0.061746091723951124
9,13,sandwich hub,Ti,SYS_11_(Static_Structural)\,11,_Timestep_00003,_20240405\,SYS_11_(Static_Structural)\11_Timestep_00003_20240405\Surface_00_Deformation.txt,VNIR,2.0,-++corner,-93.6892240574511,-93.68153428985343,0.4884842464100681
10,13,sandwich hub,Ti,SYS_11_(Static_Structural)\,11,_Timestep_00003,_20240405\,SYS_11_(Static_Structural)\11_Timestep_00003_20240405\Surface_00_Deformation.txt,SWIR,1.0,on-axis,-93.6892240574511,-93.68153428985343,0.1952986303415078
11,13,sandwich hub,Ti,SYS_11_(Static_Structural)\,11,_Timestep_00003,_20240405\,SYS_11_(Static_Structural)\11_Timestep_00003_20240405\Surface_00_Deformation.txt,SWIR,2.0,-++corner,-93.6892240574511,-93.68153428985343,0.17779452767040826
12,18,sandwich hub,Ti,SYS_11_(Static_Structural)\,15,_Timestep_00004,_20240405\,SYS_11_(Static_Structural)\15_Timestep_00004_20240405\Surface_00_Deformation.txt,VNIR,1.0,on-axis,-93.6892240574511,-93.68467699880544,0.0287695842067546
13,18,sandwich hub,Ti,SYS_11_(Static_Structural)\,15,_Timestep_00004,_20240405\,SYS_11_(Static_Structural)\15_Timestep_00004_20240405\Surface_00_Deformation.txt,VNIR,2.0,-++corner,-93.6892240574511,-93.68467699880544,0.2993051956804647
14,18,sandwich hub,Ti,SYS_11_(Static_Structural)\,15,_Timestep_00004,_20240405\,SYS_11_(Static_Structural)\15_Timestep_00004_20240405\Surface_00_Deformation.txt,SWIR,1.0,on-axis,-93.6892240574511,-93.68467699880544,0.12323186515415342
15,18,sandwich hub,Ti,SYS_11_(Static_Structural)\,15,_Timestep_00004,_20240405\,SYS_11_(Static_Structural)\15_Timestep_00004_20240405\Surface_00_Deformation.txt,SWIR,2.0,-++corner,-93.6892240574511,-93.68467699880544,0.10969797912559645
16,23,sandwich hub,Ti,SYS_11_(Static_Structural)\,19,_Timestep_00005,_20240405\,SYS_11_(Static_Structural)\19_Timestep_00005_20240405\Surface_00_Deformation.txt,VNIR,1.0,on-axis,-93.6892240574511,-93.68920642621633,0.016830601831688077
17,23,sandwich hub,Ti,SYS_11_(Static_Structural)\,19,_Timestep_00005,_20240405\,SYS_11_(Static_Structural)\19_Timestep_00005_20240405\Surface_00_Deformation.txt,VNIR,2.0,-++corner,-93.6892240574511,-93.68920642621633,0.07719482584277279
18,23,sandwich hub,Ti,SYS_11_(Static_Structural)\,19,_Timestep_00005,_20240405\,SYS_11_(Static_Structural)\19_Timestep_00005_20240405\Surface_00_Deformation.txt,SWIR,1.0,on-axis,-93.6892240574511,-93.68920642621633,0.060798470346423515
19,23,sandwich hub,Ti,SYS_11_(Static_Structural)\,19,_Timestep_00005,_20240405\,SYS_11_(Static_Structural)\19_Timestep_00005_20240405\Surface_00_Deformation.txt,SWIR,2.0,-++corner,-93.6892240574511,-93.68920642621633,0.07553486971068345
20,28,sandwich hub,Ti,SYS_11_(Static_Structural)\,23,_Timestep_00006,_20240405\,SYS_11_(Static_Structural)\23_Timestep_00006_20240405\Surface_00_Deformation.txt,VNIR,1.0,on-axis,-93.6892240574511,-93.69375934896067,0.020357359932963566
21,28,sandwich hub,Ti,SYS_11_(Static_Structural)\,23,_Timestep_00006,_20240405\,SYS_11_(Static_Structural)\23_Timestep_00006_20240405\Surface_00_Deformation.txt,VNIR,2.0,-++corner,-93.6892240574511,-93.69375934896067,0.28749465021836956
22,28,sandwich hub,Ti,SYS_11_(Static_Structural)\,23,_Timestep_00006,_20240405\,SYS_11_(Static_Structural)\23_Timestep_00006_20240405\Surface_00_Deformation.txt,SWIR,1.0,on-axis,-93.6892240574511,-93.69375934896067,0.13313096646772288
23,28,sandwich hub,Ti,SYS_11_(Static_Structural)\,23,_Timestep_00006,_20240405\,SYS_11_(Static_Structural)\23_Timestep_00006_20240405\Surface_00_Deformation.txt,SWIR,2.0,-++corner,-93.6892240574511,-93.69375934896067,0.1578484395450713
24,33,sandwich hub,Ti,SYS_11_(Static_Structural)\,27,_Timestep_00007,_20240405\,SYS_11_(Static_Structural)\27_Timestep_00007_20240405\Surface_00_Deformation.txt,VNIR,1.0,on-axis,-93.6892240574511,-93.69695796018321,0.04346235833195175
25,33,sandwich hub,Ti,SYS_11_(Static_Structural)\,27,_Timestep_00007,_20240405\,SYS_11_(Static_Structural)\27_Timestep_00007_20240405\Surface_00_Deformation.txt,VNIR,2.0,-++corner,-93.6892240574511,-93.69695796018321,0.4805449439854317
26,33,sandwich hub,Ti,SYS_11_(Static_Structural)\,27,_Timestep_00007,_20240405\,SYS_11_(Static_Structural)\27_Timestep_00007_20240405\Surface_00_Deformation.txt,SWIR,1.0,on-axis,-93.6892240574511,-93.69695796018321,0.20532769057081368
27,33,sandwich hub,Ti,SYS_11_(Static_Structural)\,27,_Timestep_00007,_20240405\,SYS_11_(Static_Structural)\27_Timestep_00007_20240405\Surface_00_Deformation.txt,SWIR,2.0,-++corner,-93.6892240574511,-93.69695796018321,0.22974354313823858
28,38,sandwich hub,Ti,SYS_11_(Static_Structural)\,31,_Timestep_00008,_20240405\,SYS_11_(Static_Structural)\31_Timestep_00008_20240405\Surface_00_Deformation.txt,VNIR,1.0,on-axis,-93.6892240574511,-93.69924275608408,0.08522804229782416
29,38,sandwich hub,Ti,SYS_11_(Static_Structural)\,31,_Timestep_00008,_20240405\,SYS_11_(Static_Structural)\31_Timestep_00008_20240405\Surface_00_Deformation.txt,VNIR,2.0,-++corner,-93.6892240574511,-93.69924275608408,0.6196007363367606
30,38,sandwich hub,Ti,SYS_11_(Static_Structural)\,31,_Timestep_00008,_20240405\,SYS_11_(Static_Structural)\31_Timestep_00008_20240405\Surface_00_Deformation.txt,SWIR,1.0,on-axis,-93.6892240574511,-93.69924275608408,0.2582866264921717
31,38,sandwich hub,Ti,SYS_11_(Static_Structural)\,31,_Timestep_00008,_20240405\,SYS_11_(Static_Structural)\31_Timestep_00008_20240405\Surface_00_Deformation.txt,SWIR,2.0,-++corner,-93.6892240574511,-93.69924275608408,0.2821467776119789
32,43,sandwich hub,Ti,SYS_11_(Static_Structural)\,35,_Timestep_00009,_20240405\,SYS_11_(Static_Structural)\35_Timestep_00009_20240405\Surface_00_Deformation.txt,VNIR,1.0,on-axis,-93.6892240574511,-93.70096259278864,0.13762674496115673
33,43,sandwich hub,Ti,SYS_11_(Static_Structural)\,35,_Timestep_00009,_20240405\,SYS_11_(Static_Structural)\35_Timestep_00009_20240405\Surface_00_Deformation.txt,VNIR,2.0,-++corner,-93.6892240574511,-93.70096259278864,0.7259466574347837
34,43,sandwich hub,Ti,SYS_11_(Static_Structural)\,35,_Timestep_00009,_20240405\,SYS_11_(Static_Structural)\35_Timestep_00009_20240405\Surface_00_Deformation.txt,SWIR,1.0,on-axis,-93.6892240574511,-93.70096259278864,0.29874942516572645
35,43,sandwich hub,Ti,SYS_11_(Static_Structural)\,35,_Timestep_00009,_20240405\,SYS_11_(Static_Structural)\35_Timestep_00009_20240405\Surface_00_Deformation.txt,SWIR,2.0,-++corner,-93.6892240574511,-93.70096259278864,0.3220112510454377
36,3,sandwich hub,Invar,SYS_20_(Static_Structural)\,3,_Timestep_00001,_20240411\,SYS_20_(Static_Structural)\03_Timestep_00001_20240411\Surface_00_Deformation.txt,VNIR,1.0,on-axis,-93.6892240574511,-93.68522949461814,0.022540952211863835
37,3,sandwich hub,Invar,SYS_20_(Static_Structural)\,3,_Timestep_00001,_20240411\,SYS_20_(Static_Structural)\03_Timestep_00001_20240411\Surface_00_Deformation.txt,VNIR,2.0,-++corner,-93.6892240574511,-93.68522949461814,0.2657325759175456
38,3,sandwich hub,Invar,SYS_20_(Static_Structural)\,3,_Timestep_00001,_20240411\,SYS_20_(Static_Structural)\03_Timestep_00001_20240411\Surface_00_Deformation.txt,SWIR,1.0,on-axis,-93.6892240574511,-93.68522949461814,0.11041148741529191
39,3,sandwich hub,Invar,SYS_20_(Static_Structural)\,3,_Timestep_00001,_20240411\,SYS_20_(Static_Structural)\03_Timestep_00001_20240411\Surface_00_Deformation.txt,SWIR,2.0,-++corner,-93.6892240574511,-93.68522949461814,0.09766903687309542
40,8,sandwich hub,Invar,SYS_20_(Static_Structural)\,7,_Timestep_00002,_20240411\,SYS_20_(Static_Structural)\07_Timestep_00002_20240411\Surface_00_Deformation.txt,VNIR,1.0,on-axis,-93.6892240574511,-93.68619941358112,0.01880681137847129
41,8,sandwich hub,Invar,SYS_20_(Static_Structural)\,7,_Timestep_00002,_20240411\,SYS_20_(Static_Structural)\07_Timestep_00002_20240411\Surface_00_Deformation.txt,VNIR,2.0,-++corner,-93.6892240574511,-93.68619941358112,0.20887691314268395
42,8,sandwich hub,Invar,SYS_20_(Static_Structural)\,7,_Timestep_00002,_20240411\,SYS_20_(Static_Structural)\07_Timestep_00002_20240411\Surface_00_Deformation.txt,SWIR,1.0,on-axis,-93.6892240574511,-93.68619941358112,0.0911912113862102
43,8,sandwich hub,Invar,SYS_20_(Static_Structural)\,7,_Timestep_00002,_20240411\,SYS_20_(Static_Structural)\07_Timestep_00002_20240411\Surface_00_Deformation.txt,SWIR,2.0,-++corner,-93.6892240574511,-93.68619941358112,0.08237707138221632
44,13,sandwich hub,Invar,SYS_20_(Static_Structural)\,11,_Timestep_00003,_20240411\,SYS_20_(Static_Structural)\11_Timestep_00003_20240411\Surface_00_Deformation.txt,VNIR,1.0,on-axis,-93.6892240574511,-93.68718945614089,0.01678761738463755
45,13,sandwich hub,Invar,SYS_20_(Static_Structural)\,11,_Timestep_00003,_20240411\,SYS_20_(Static_Structural)\11_Timestep_00003_20240411\Surface_00_Deformation.txt,VNIR,2.0,-++corner,-93.6892240574511,-93.68718945614089,0.15318694129871654
46,13,sandwich hub,Invar,SYS_20_(Static_Structural)\,11,_Timestep_00003,_20240411\,SYS_20_(Static_Structural)\11_Timestep_00003_20240411\Surface_00_Deformation.txt,SWIR,1.0,on-axis,-93.6892240574511,-93.68718945614089,0.07451089194686028
47,13,sandwich hub,Invar,SYS_20_(Static_Structural)\,11,_Timestep_00003,_20240411\,SYS_20_(Static_Structural)\11_Timestep_00003_20240411\Surface_00_Deformation.txt,SWIR,2.0,-++corner,-93.6892240574511,-93.68718945614089,0.07198406129975037
48,18,sandwich hub,Invar,SYS_20_(Static_Structural)\,15,_Timestep_00004,_20240411\,SYS_20_(Static_Structural)\15_Timestep_00004_20240411\Surface_00_Deformation.txt,VNIR,1.0,on-axis,-93.6892240574511,-93.68819481840492,0.01629640911165885
49,18,sandwich hub,Invar,SYS_20_(Static_Structural)\,15,_Timestep_00004,_20240411\,SYS_20_(Static_Structural)\15_Timestep_00004_20240411\Surface_00_Deformation.txt,VNIR,2.0,-++corner,-93.6892240574511,-93.68819481840492,0.103702738818706
50,18,sandwich hub,Invar,SYS_20_(Static_Structural)\,15,_Timestep_00004,_20240411\,SYS_20_(Static_Structural)\15_Timestep_00004_20240411\Surface_00_Deformation.txt,SWIR,1.0,on-axis,-93.6892240574511,-93.68819481840492,0.06317644304100624
51,18,sandwich hub,Invar,SYS_20_(Static_Structural)\,15,_Timestep_00004,_20240411\,SYS_20_(Static_Structural)\15_Timestep_00004_20240411\Surface_00_Deformation.txt,SWIR,2.0,-++corner,-93.6892240574511,-93.68819481840492,0.0693264968308381
52,23,sandwich hub,Invar,SYS_20_(Static_Structural)\,19,_Timestep_00005,_20240411\,SYS_20_(Static_Structural)\19_Timestep_00005_20240411\Surface_00_Deformation.txt,VNIR,1.0,on-axis,-93.6892240574511,-93.68920642603281,0.01683060927647227
53,23,sandwich hub,Invar,SYS_20_(Static_Structural)\,19,_Timestep_00005,_20240411\,SYS_20_(Static_Structural)\19_Timestep_00005_20240411\Surface_00_Deformation.txt,VNIR,2.0,-++corner,-93.6892240574511,-93.68920642603281,0.07719482646757996
54,23,sandwich hub,Invar,SYS_20_(Static_Structural)\,19,_Timestep_00005,_20240411\,SYS_20_(Static_Structural)\19_Timestep_00005_20240411\Surface_00_Deformation.txt,SWIR,1.0,on-axis,-93.6892240574511,-93.68920642603281,0.060798470626154226
55,23,sandwich hub,Invar,SYS_20_(Static_Structural)\,19,_Timestep_00005,_20240411\,SYS_20_(Static_Structural)\19_Timestep_00005_20240411\Surface_00_Deformation.txt,SWIR,2.0,-++corner,-93.6892240574511,-93.68920642603281,0.07553486935873999
56,28,sandwich hub,Invar,SYS_20_(Static_Structural)\,23,_Timestep_00006,_20240411\,SYS_20_(Static_Structural)\23_Timestep_00006_20240411\Surface_00_Deformation.txt,VNIR,1.0,on-axis,-93.6892240574511,-93.69022903619047,0.018290056564007746
57,28,sandwich hub,Invar,SYS_20_(Static_Structural)\,23,_Timestep_00006,_20240411\,SYS_20_(Static_Structural)\23_Timestep_00006_20240411\Surface_00_Deformation.txt,VNIR,2.0,-++corner,-93.6892240574511,-93.69022903619047,0.09618926520412262
58,28,sandwich hub,Invar,SYS_20_(Static_Structural)\,23,_Timestep_00006,_20240411\,SYS_20_(Static_Structural)\23_Timestep_00006_20240411\Surface_00_Deformation.txt,SWIR,1.0,on-axis,-93.6892240574511,-93.69022903619047,0.06854219389022392
59,28,sandwich hub,Invar,SYS_20_(Static_Structural)\,23,_Timestep_00006,_20240411\,SYS_20_(Static_Structural)\23_Timestep_00006_20240411\Surface_00_Deformation.txt,SWIR,2.0,-++corner,-93.6892240574511,-93.69022903619047,0.08896008012480809
60,33,sandwich hub,Invar,SYS_20_(Static_Structural)\,27,_Timestep_00007,_20240411\,SYS_20_(Static_Structural)\27_Timestep_00007_20240411\Surface_00_Deformation.txt,VNIR,1.0,on-axis,-93.6892240574511,-93.69126778517789,0.020482783909335528
61,33,sandwich hub,Invar,SYS_20_(Static_Structural)\,27,_Timestep_00007,_20240411\,SYS_20_(Static_Structural)\27_Timestep_00007_20240411\Surface_00_Deformation.txt,VNIR,2.0,-++corner,-93.6892240574511,-93.69126778517789,0.14473413190214615
62,33,sandwich hub,Invar,SYS_20_(Static_Structural)\,27,_Timestep_00007,_20240411\,SYS_20_(Static_Structural)\27_Timestep_00007_20240411\Surface_00_Deformation.txt,SWIR,1.0,on-axis,-93.6892240574511,-93.69126778517789,0.08396655056111367
63,33,sandwich hub,Invar,SYS_20_(Static_Structural)\,27,_Timestep_00007,_20240411\,SYS_20_(Static_Structural)\27_Timestep_00007_20240411\Surface_00_Deformation.txt,SWIR,2.0,-++corner,-93.6892240574511,-93.69126778517789,0.1071890828337246
64,38,sandwich hub,Invar,SYS_20_(Static_Structural)\,31,_Timestep_00008,_20240411\,SYS_20_(Static_Structural)\31_Timestep_00008_20240411\Surface_00_Deformation.txt,VNIR,1.0,on-axis,-93.6892240574511,-93.69231752030741,0.023157100087909152
65,38,sandwich hub,Invar,SYS_20_(Static_Structural)\,31,_Timestep_00008,_20240411\,SYS_20_(Static_Structural)\31_Timestep_00008_20240411\Surface_00_Deformation.txt,VNIR,2.0,-++corner,-93.6892240574511,-93.69231752030741,0.2030630697326739
66,38,sandwich hub,Invar,SYS_20_(Static_Structural)\,31,_Timestep_00008,_20240411\,SYS_20_(Static_Structural)\31_Timestep_00008_20240411\Surface_00_Deformation.txt,SWIR,1.0,on-axis,-93.6892240574511,-93.69231752030741,0.10382278497457996
67,38,sandwich hub,Invar,SYS_20_(Static_Structural)\,31,_Timestep_00008,_20240411\,SYS_20_(Static_Structural)\31_Timestep_00008_20240411\Surface_00_Deformation.txt,SWIR,2.0,-++corner,-93.6892240574511,-93.69231752030741,0.12824351730374545
68,43,sandwich hub,Invar,SYS_20_(Static_Structural)\,35,_Timestep_00009,_20240411\,SYS_20_(Static_Structural)\35_Timestep_00009_20240411\Surface_00_Deformation.txt,VNIR,1.0,on-axis,-93.6892240574511,-93.69338143052515,0.026447826509875632
69,43,sandwich hub,Invar,SYS_20_(Static_Structural)\,35,_Timestep_00009,_20240411\,SYS_20_(Static_Structural)\35_Timestep_00009_20240411\Surface_00_Deformation.txt,VNIR,2.0,-++corner,-93.6892240574511,-93.69338143052515,0.2650694292891288
70,43,sandwich hub,Invar,SYS_20_(Static_Structural)\,35,_Timestep_00009,_20240411\,SYS_20_(Static_Structural)\35_Timestep_00009_20240411\Surface_00_Deformation.txt,SWIR,1.0,on-axis,-93.6892240574511,-93.69338143052515,0.12615034008958495
71,43,sandwich hub,Invar,SYS_20_(Static_Structural)\,35,_Timestep_00009,_20240411\,SYS_20_(Static_Structural)\35_Timestep_00009_20240411\Surface_00_Deformation.txt,SWIR,2.0,-++corner,-93.6892240574511,-93.69338143052515,0.1510269950290139
72,3,central hub,Ti,SYS_16_(Static_Structural)\,3,_Timestep_00001,_20240411\,SYS_16_(Static_Structural)\03_Timestep_00001_20240411\Surface_00_Deformation.txt,VNIR,1.0,on-axis,-93.6892240574511,-93.67881134162694,0.02971278967895187
73,3,central hub,Ti,SYS_16_(Static_Structural)\,3,_Timestep_00001,_20240411\,SYS_16_(Static_Structural)\03_Timestep_00001_20240411\Surface_00_Deformation.txt,VNIR,2.0,-++corner,-93.6892240574511,-93.67881134162694,0.6584884982536412
74,3,central hub,Ti,SYS_16_(Static_Structural)\,3,_Timestep_00001,_20240411\,SYS_16_(Static_Structural)\03_Timestep_00001_20240411\Surface_00_Deformation.txt,SWIR,1.0,on-axis,-93.6892240574511,-93.67881134162694,0.25846653236808964
75,3,central hub,Ti,SYS_16_(Static_Structural)\,3,_Timestep_00001,_20240411\,SYS_16_(Static_Structural)\03_Timestep_00001_20240411\Surface_00_Deformation.txt,SWIR,2.0,-++corner,-93.6892240574511,-93.67881134162694,0.2375780660296416
76,8,central hub,Ti,SYS_16_(Static_Structural)\,7,_Timestep_00002,_20240411\,SYS_16_(Static_Structural)\07_Timestep_00002_20240411\Surface_00_Deformation.txt,VNIR,1.0,on-axis,-93.6892240574511,-93.68135128275043,0.026257317952108644
77,8,central hub,Ti,SYS_16_(Static_Structural)\,7,_Timestep_00002,_20240411\,SYS_16_(Static_Structural)\07_Timestep_00002_20240411\Surface_00_Deformation.txt,VNIR,2.0,-++corner,-93.6892240574511,-93.68135128275043,0.5018863398087259
78,8,central hub,Ti,SYS_16_(Static_Structural)\,7,_Timestep_00002,_20240411\,SYS_16_(Static_Structural)\07_Timestep_00002_20240411\Surface_00_Deformation.txt,SWIR,1.0,on-axis,-93.6892240574511,-93.68135128275043,0.1977257861640197
79,8,central hub,Ti,SYS_16_(Static_Structural)\,7,_Timestep_00002,_20240411\,SYS_16_(Static_Structural)\07_Timestep_00002_20240411\Surface_00_Deformation.txt,SWIR,2.0,-++corner,-93.6892240574511,-93.68135128275043,0.17819559675255287
80,13,central hub,Ti,SYS_16_(Static_Structural)\,11,_Timestep_00003,_20240411\,SYS_16_(Static_Structural)\11_Timestep_00003_20240411\Surface_00_Deformation.txt,VNIR,1.0,on-axis,-93.6892240574511,-93.68391524594624,0.022964270830223447
81,13,central hub,Ti,SYS_16_(Static_Structural)\,11,_Timestep_00003,_20240411\,SYS_16_(Static_Structural)\11_Timestep_00003_20240411\Surface_00_Deformation.txt,VNIR,2.0,-++corner,-93.6892240574511,-93.68391524594624,0.34501493741721634
82,13,central hub,Ti,SYS_16_(Static_Structural)\,11,_Timestep_00003,_20240411\,SYS_16_(Static_Structural)\11_Timestep_00003_20240411\Surface_00_Deformation.txt,SWIR,1.0,on-axis,-93.6892240574511,-93.68391524594624,0.13847114698899896
83,13,central hub,Ti,SYS_16_(Static_Structural)\,11,_Timestep_00003,_20240411\,SYS_16_(Static_Structural)\11_Timestep_00003_20240411\Surface_00_Deformation.txt,SWIR,2.0,-++corner,-93.6892240574511,-93.68391524594624,0.12199767434416794
84,18,central hub,Ti,SYS_16_(Static_Structural)\,15,_Timestep_00004,_20240411\,SYS_16_(Static_Structural)\15_Timestep_00004_20240411\Surface_00_Deformation.txt,VNIR,1.0,on-axis,-93.6892240574511,-93.6865279765314,0.01979499050623332
85,18,central hub,Ti,SYS_16_(Static_Structural)\,15,_Timestep_00004,_20240411\,SYS_16_(Static_Structural)\15_Timestep_00004_20240411\Surface_00_Deformation.txt,VNIR,2.0,-++corner,-93.6892240574511,-93.6865279765314,0.1899505366611061
86,18,central hub,Ti,SYS_16_(Static_Structural)\,15,_Timestep_00004,_20240411\,SYS_16_(Static_Structural)\15_Timestep_00004_20240411\Surface_00_Deformation.txt,SWIR,1.0,on-axis,-93.6892240574511,-93.6865279765314,0.08494810088680367
87,18,central hub,Ti,SYS_16_(Static_Structural)\,15,_Timestep_00004,_20240411\,SYS_16_(Static_Structural)\15_Timestep_00004_20240411\Surface_00_Deformation.txt,SWIR,2.0,-++corner,-93.6892240574511,-93.6865279765314,0.07769233183672532
88,23,central hub,Ti,SYS_16_(Static_Structural)\,19,_Timestep_00005,_20240411\,SYS_16_(Static_Structural)\19_Timestep_00005_20240411\Surface_00_Deformation.txt,VNIR,1.0,on-axis,-93.6892240574511,-93.68920642714873,0.0168305636973085
89,23,central hub,Ti,SYS_16_(Static_Structural)\,19,_Timestep_00005,_20240411\,SYS_16_(Static_Structural)\19_Timestep_00005_20240411\Surface_00_Deformation.txt,VNIR,2.0,-++corner,-93.6892240574511,-93.68920642714873,0.07719482698331631
90,23,central hub,Ti,SYS_16_(Static_Structural)\,19,_Timestep_00005,_20240411\,SYS_16_(Static_Structural)\19_Timestep_00005_20240411\Surface_00_Deformation.txt,SWIR,1.0,on-axis,-93.6892240574511,-93.68920642714873,0.06079847062533252
91,23,central hub,Ti,SYS_16_(Static_Structural)\,19,_Timestep_00005,_20240411\,SYS_16_(Static_Structural)\19_Timestep_00005_20240411\Surface_00_Deformation.txt,SWIR,2.0,-++corner,-93.6892240574511,-93.68920642714873,0.07553486935975236
92,28,central hub,Ti,SYS_16_(Static_Structural)\,23,_Timestep_00006,_20240411\,SYS_16_(Static_Structural)\23_Timestep_00006_20240411\Surface_00_Deformation.txt,VNIR,1.0,on-axis,-93.6892240574511,-93.69190532511891,0.014124211833181672
93,28,central hub,Ti,SYS_16_(Static_Structural)\,23,_Timestep_00006,_20240411\,SYS_16_(Static_Structural)\23_Timestep_00006_20240411\Surface_00_Deformation.txt,VNIR,2.0,-++corner,-93.6892240574511,-93.69190532511891,0.17856449769274277
94,28,central hub,Ti,SYS_16_(Static_Structural)\,23,_Timestep_00006,_20240411\,SYS_16_(Static_Structural)\23_Timestep_00006_20240411\Surface_00_Deformation.txt,SWIR,1.0,on-axis,-93.6892240574511,-93.69190532511891,0.09541390036275947
95,28,central hub,Ti,SYS_16_(Static_Structural)\,23,_Timestep_00006,_20240411\,SYS_16_(Static_Structural)\23_Timestep_00006_20240411\Surface_00_Deformation.txt,SWIR,2.0,-++corner,-93.6892240574511,-93.69190532511891,0.11968330601648458
96,33,central hub,Ti,SYS_16_(Static_Structural)\,27,_Timestep_00007,_20240411\,SYS_16_(Static_Structural)\27_Timestep_00007_20240411\Surface_00_Deformation.txt,VNIR,1.0,on-axis,-93.6892240574511,-93.69457914072828,0.011833660832883695
97,33,central hub,Ti,SYS_16_(Static_Structural)\,27,_Timestep_00007,_20240411\,SYS_16_(Static_Structural)\27_Timestep_00007_20240411\Surface_00_Deformation.txt,VNIR,2.0,-++corner,-93.6892240574511,-93.69457914072828,0.3365552228471618
98,33,central hub,Ti,SYS_16_(Static_Structural)\,27,_Timestep_00007,_20240411\,SYS_16_(Static_Structural)\27_Timestep_00007_20240411\Surface_00_Deformation.txt,SWIR,1.0,on-axis,-93.6892240574511,-93.69457914072828,0.15271560113853802
99,33,central hub,Ti,SYS_16_(Static_Structural)\,27,_Timestep_00007,_20240411\,SYS_16_(Static_Structural)\27_Timestep_00007_20240411\Surface_00_Deformation.txt,SWIR,2.0,-++corner,-93.6892240574511,-93.69457914072828,0.17810104711504046
100,38,central hub,Ti,SYS_16_(Static_Structural)\,31,_Timestep_00008,_20240411\,SYS_16_(Static_Structural)\31_Timestep_00008_20240411\Surface_00_Deformation.txt,VNIR,1.0,on-axis,-93.6892240574511,-93.69724747652597,0.010284796602141046
101,38,central hub,Ti,SYS_16_(Static_Structural)\,31,_Timestep_00008,_20240411\,SYS_16_(Static_Structural)\31_Timestep_00008_20240411\Surface_00_Deformation.txt,VNIR,2.0,-++corner,-93.6892240574511,-93.69724747652597,0.49976686906001017
102,38,central hub,Ti,SYS_16_(Static_Structural)\,31,_Timestep_00008,_20240411\,SYS_16_(Static_Structural)\31_Timestep_00008_20240411\Surface_00_Deformation.txt,SWIR,1.0,on-axis,-93.6892240574511,-93.69724747652597,0.21518648687556388
103,38,central hub,Ti,SYS_16_(Static_Structural)\,31,_Timestep_00008,_20240411\,SYS_16_(Static_Structural)\31_Timestep_00008_20240411\Surface_00_Deformation.txt,SWIR,2.0,-++corner,-93.6892240574511,-93.69724747652597,0.2405609737802618
104,43,central hub,Ti,SYS_16_(Static_Structural)\,35,_Timestep_00009,_20240411\,SYS_16_(Static_Structural)\35_Timestep_00009_20240411\Surface_00_Deformation.txt,VNIR,1.0,on-axis,-93.6892240574511,-93.69993882734948,0.009815695947219311
105,43,central hub,Ti,SYS_16_(Static_Structural)\,35,_Timestep_00009,_20240411\,SYS_16_(Static_Structural)\35_Timestep_00009_20240411\Surface_00_Deformation.txt,VNIR,2.0,-++corner,-93.6892240574511,-93.69993882734948,0.6658267426183578
106,43,central hub,Ti,SYS_16_(Static_Structural)\,35,_Timestep_00009,_20240411\,SYS_16_(Static_Structural)\35_Timestep_00009_20240411\Surface_00_Deformation.txt,SWIR,1.0,on-axis,-93.6892240574511,-93.69993882734948,0.27996117357188666
107,43,central hub,Ti,SYS_16_(Static_Structural)\,35,_Timestep_00009,_20240411\,SYS_16_(Static_Structural)\35_Timestep_00009_20240411\Surface_00_Deformation.txt,SWIR,2.0,-++corner,-93.6892240574511,-93.69993882734948,0.30516997245608296
108,3,central hub,Invar,SYS_24_(Static_Structural)\,3,_Timestep_00001,_20240411\,SYS_24_(Static_Structural)\03_Timestep_00001_20240411\Surface_00_Deformation.txt,VNIR,1.0,on-axis,-93.6892240574511,-93.68767391965129,0.01942928948375021
109,3,central hub,Invar,SYS_24_(Static_Structural)\,3,_Timestep_00001,_20240411\,SYS_24_(Static_Structural)\03_Timestep_00001_20240411\Surface_00_Deformation.txt,VNIR,2.0,-++corner,-93.6892240574511,-93.68767391965129,0.12777870538036581
110,3,central hub,Invar,SYS_24_(Static_Structural)\,3,_Timestep_00001,_20240411\,SYS_24_(Static_Structural)\03_Timestep_00001_20240411\Surface_00_Deformation.txt,SWIR,1.0,on-axis,-93.6892240574511,-93.68767391965129,0.06803626270234714
111,3,central hub,Invar,SYS_24_(Static_Structural)\,3,_Timestep_00001,_20240411\,SYS_24_(Static_Structural)\03_Timestep_00001_20240411\Surface_00_Deformation.txt,SWIR,2.0,-++corner,-93.6892240574511,-93.68767391965129,0.06940701472083764
112,8,central hub,Invar,SYS_24_(Static_Structural)\,7,_Timestep_00002,_20240411\,SYS_24_(Static_Structural)\07_Timestep_00002_20240411\Surface_00_Deformation.txt,VNIR,1.0,on-axis,-93.6892240574511,-93.68803495569543,0.018763499276208753
113,8,central hub,Invar,SYS_24_(Static_Structural)\,7,_Timestep_00002,_20240411\,SYS_24_(Static_Structural)\07_Timestep_00002_20240411\Surface_00_Deformation.txt,VNIR,2.0,-++corner,-93.6892240574511,-93.68803495569543,0.11068658677693968
114,8,central hub,Invar,SYS_24_(Static_Structural)\,7,_Timestep_00002,_20240411\,SYS_24_(Static_Structural)\07_Timestep_00002_20240411\Surface_00_Deformation.txt,SWIR,1.0,on-axis,-93.6892240574511,-93.68803495569543,0.06441181423370845
115,8,central hub,Invar,SYS_24_(Static_Structural)\,7,_Timestep_00002,_20240411\,SYS_24_(Static_Structural)\07_Timestep_00002_20240411\Surface_00_Deformation.txt,SWIR,2.0,-++corner,-93.6892240574511,-93.68803495569543,0.06903748877179632
116,13,central hub,Invar,SYS_24_(Static_Structural)\,11,_Timestep_00003,_20240411\,SYS_24_(Static_Structural)\11_Timestep_00003_20240411\Surface_00_Deformation.txt,VNIR,1.0,on-axis,-93.6892240574511,-93.68841401438877,0.01810427388914902
117,13,central hub,Invar,SYS_24_(Static_Structural)\,11,_Timestep_00003,_20240411\,SYS_24_(Static_Structural)\11_Timestep_00003_20240411\Surface_00_Deformation.txt,VNIR,2.0,-++corner,-93.6892240574511,-93.68841401438877,0.09516298381438364
118,13,central hub,Invar,SYS_24_(Static_Structural)\,11,_Timestep_00003,_20240411\,SYS_24_(Static_Structural)\11_Timestep_00003_20240411\Surface_00_Deformation.txt,SWIR,1.0,on-axis,-93.6892240574511,-93.68841401438877,0.06178759374723128
119,13,central hub,Invar,SYS_24_(Static_Structural)\,11,_Timestep_00003,_20240411\,SYS_24_(Static_Structural)\11_Timestep_00003_20240411\Surface_00_Deformation.txt,SWIR,2.0,-++corner,-93.6892240574511,-93.68841401438877,0.06989443756090857
120,18,central hub,Invar,SYS_24_(Static_Structural)\,15,_Timestep_00004,_20240411\,SYS_24_(Static_Structural)\15_Timestep_00004_20240411\Surface_00_Deformation.txt,VNIR,1.0,on-axis,-93.6892240574511,-93.68880540170993,0.017459911199946738
121,18,central hub,Invar,SYS_24_(Static_Structural)\,15,_Timestep_00004,_20240411\,SYS_24_(Static_Structural)\15_Timestep_00004_20240411\Surface_00_Deformation.txt,VNIR,2.0,-++corner,-93.6892240574511,-93.68880540170993,0.08318696665109152
122,18,central hub,Invar,SYS_24_(Static_Structural)\,15,_Timestep_00004,_20240411\,SYS_24_(Static_Structural)\15_Timestep_00004_20240411\Surface_00_Deformation.txt,SWIR,1.0,on-axis,-93.6892240574511,-93.68880540170993,0.06050808193045322
123,18,central hub,Invar,SYS_24_(Static_Structural)\,15,_Timestep_00004,_20240411\,SYS_24_(Static_Structural)\15_Timestep_00004_20240411\Surface_00_Deformation.txt,SWIR,2.0,-++corner,-93.6892240574511,-93.68880540170993,0.07206766622310315
124,23,central hub,Invar,SYS_24_(Static_Structural)\,19,_Timestep_00005,_20240411\,SYS_24_(Static_Structural)\19_Timestep_00005_20240411\Surface_00_Deformation.txt,VNIR,1.0,on-axis,-93.6892240574511,-93.68920642488416,0.01683065617305099
125,23,central hub,Invar,SYS_24_(Static_Structural)\,19,_Timestep_00005,_20240411\,SYS_24_(Static_Structural)\19_Timestep_00005_20240411\Surface_00_Deformation.txt,VNIR,2.0,-++corner,-93.6892240574511,-93.68920642488416,0.07719482724047791
126,23,central hub,Invar,SYS_24_(Static_Structural)\,19,_Timestep_00005,_20240411\,SYS_24_(Static_Structural)\19_Timestep_00005_20240411\Surface_00_Deformation.txt,SWIR,1.0,on-axis,-93.6892240574511,-93.68920642488416,0.060798470625739204
127,23,central hub,Invar,SYS_24_(Static_Structural)\,19,_Timestep_00005,_20240411\,SYS_24_(Static_Structural)\19_Timestep_00005_20240411\Surface_00_Deformation.txt,SWIR,2.0,-++corner,-93.6892240574511,-93.68920642488416,0.07553486922036859
128,28,central hub,Invar,SYS_24_(Static_Structural)\,23,_Timestep_00006,_20240411\,SYS_24_(Static_Structural)\23_Timestep_00006_20240411\Surface_00_Deformation.txt,VNIR,1.0,on-axis,-93.6892240574511,-93.68961709222376,0.01621678657942917
129,28,central hub,Invar,SYS_24_(Static_Structural)\,23,_Timestep_00006,_20240411\,SYS_24_(Static_Structural)\23_Timestep_00006_20240411\Surface_00_Deformation.txt,VNIR,2.0,-++corner,-93.6892240574511,-93.68961709222376,0.07914184509747713
130,28,central hub,Invar,SYS_24_(Static_Structural)\,23,_Timestep_00006,_20240411\,SYS_24_(Static_Structural)\23_Timestep_00006_20240411\Surface_00_Deformation.txt,SWIR,1.0,on-axis,-93.6892240574511,-93.68961709222376,0.06275174585413931
131,28,central hub,Invar,SYS_24_(Static_Structural)\,23,_Timestep_00006,_20240411\,SYS_24_(Static_Structural)\23_Timestep_00006_20240411\Surface_00_Deformation.txt,SWIR,2.0,-++corner,-93.6892240574511,-93.68961709222376,0.0802179786076901
132,33,central hub,Invar,SYS_24_(Static_Structural)\,27,_Timestep_00007,_20240411\,SYS_24_(Static_Structural)\27_Timestep_00007_20240411\Surface_00_Deformation.txt,VNIR,1.0,on-axis,-93.6892240574511,-93.69003750452138,0.015615073236584499
133,33,central hub,Invar,SYS_24_(Static_Structural)\,27,_Timestep_00007,_20240411\,SYS_24_(Static_Structural)\27_Timestep_00007_20240411\Surface_00_Deformation.txt,VNIR,2.0,-++corner,-93.6892240574511,-93.69003750452138,0.08902736287444026
134,33,central hub,Invar,SYS_24_(Static_Structural)\,27,_Timestep_00007,_20240411\,SYS_24_(Static_Structural)\27_Timestep_00007_20240411\Surface_00_Deformation.txt,SWIR,1.0,on-axis,-93.6892240574511,-93.69003750452138,0.06633206127952665
135,33,central hub,Invar,SYS_24_(Static_Structural)\,27,_Timestep_00007,_20240411\,SYS_24_(Static_Structural)\27_Timestep_00007_20240411\Surface_00_Deformation.txt,SWIR,2.0,-++corner,-93.6892240574511,-93.69003750452138,0.08600392531156267
136,38,central hub,Invar,SYS_24_(Static_Structural)\,31,_Timestep_00008,_20240411\,SYS_24_(Static_Structural)\31_Timestep_00008_20240411\Surface_00_Deformation.txt,VNIR,1.0,on-axis,-93.6892240574511,-93.69046765448759,0.015026863305318263
137,38,central hub,Invar,SYS_24_(Static_Structural)\,31,_Timestep_00008,_20240411\,SYS_24_(Static_Structural)\31_Timestep_00008_20240411\Surface_00_Deformation.txt,VNIR,2.0,-++corner,-93.6892240574511,-93.69046765448759,0.10507703059291913
138,38,central hub,Invar,SYS_24_(Static_Structural)\,31,_Timestep_00008,_20240411\,SYS_24_(Static_Structural)\31_Timestep_00008_20240411\Surface_00_Deformation.txt,SWIR,1.0,on-axis,-93.6892240574511,-93.69046765448759,0.07140057571113297
139,38,central hub,Invar,SYS_24_(Static_Structural)\,31,_Timestep_00008,_20240411\,SYS_24_(Static_Structural)\31_Timestep_00008_20240411\Surface_00_Deformation.txt,SWIR,2.0,-++corner,-93.6892240574511,-93.69046765448759,0.09276783328891486
140,43,central hub,Invar,SYS_24_(Static_Structural)\,35,_Timestep_00009,_20240411\,SYS_24_(Static_Structural)\35_Timestep_00009_20240411\Surface_00_Deformation.txt,VNIR,1.0,on-axis,-93.6892240574511,-93.69090686482241,0.014474668709394973
141,43,central hub,Invar,SYS_24_(Static_Structural)\,35,_Timestep_00009,_20240411\,SYS_24_(Static_Structural)\35_Timestep_00009_20240411\Surface_00_Deformation.txt,VNIR,2.0,-++corner,-93.6892240574511,-93.69090686482241,0.1253154218508929
142,43,central hub,Invar,SYS_24_(Static_Structural)\,35,_Timestep_00009,_20240411\,SYS_24_(Static_Structural)\35_Timestep_00009_20240411\Surface_00_Deformation.txt,SWIR,1.0,on-axis,-93.6892240574511,-93.69090686482241,0.07776229421227124
143,43,central hub,Invar,SYS_24_(Static_Structural)\,35,_Timestep_00009,_20240411\,SYS_24_(Static_Structural)\35_Timestep_00009_20240411\Surface_00_Deformation.txt,SWIR,2.0,-++corner,-93.6892240574511,-93.69090686482241,0.10038535035788687
