,preload,stiffness,folder,subfolder_i,timestep,date,def_file,config,field_n,field,term,wave,samp,zern
0,0,nominal,,,,,zero,VNIR,1.0,on-axis,1.0,3.0,4.0,-0.06373381657794844
1,0,nominal,,,,,zero,VNIR,1.0,on-axis,2.0,3.0,4.0,-6.515139415569971e-13
2,0,nominal,,,,,zero,VNIR,1.0,on-axis,3.0,3.0,4.0,9.571376862249207e-14
3,0,nominal,,,,,zero,VNIR,1.0,on-axis,4.0,3.0,4.0,0.0061408713349875065
4,0,nominal,,,,,zero,VNIR,1.0,on-axis,5.0,3.0,4.0,4.082678986706401e-12
5,0,nominal,,,,,zero,VNIR,1.0,on-axis,6.0,3.0,4.0,-1.2117234527309982e-12
6,0,nominal,,,,,zero,VNIR,1.0,on-axis,7.0,3.0,4.0,1.9555678986669327e-13
7,0,nominal,,,,,zero,VNIR,1.0,on-axis,8.0,3.0,4.0,-4.519917143154113e-13
8,0,nominal,,,,,zero,VNIR,1.0,on-axis,9.0,3.0,4.0,5.657311633654534e-13
9,0,nominal,,,,,zero,VNIR,1.0,on-axis,10.0,3.0,4.0,-9.81220115401312e-13
10,0,nominal,,,,,zero,VNIR,1.0,on-axis,11.0,3.0,4.0,-0.0034875524088040545
11,0,nominal,,,,,zero,VNIR,1.0,on-axis,12.0,3.0,4.0,1.3277411051757632e-12
12,0,nominal,,,,,zero,VNIR,1.0,on-axis,13.0,3.0,4.0,-2.9939992236032336e-12
13,0,nominal,,,,,zero,VNIR,1.0,on-axis,14.0,3.0,4.0,9.174752083927068e-06
14,0,nominal,,,,,zero,VNIR,1.0,on-axis,15.0,3.0,4.0,-1.2994403277855141e-12
15,100,nominal,SYS_03_(Preload_deformation)\,0.0,_Timestep_00001,_20231130\,SYS_03_(Preload_deformation)\00_Timestep_00001_20231130\Surface_00_Deformation.txt,VNIR,1.0,on-axis,1.0,3.0,4.0,-0.18085634634990136
16,100,nominal,SYS_03_(Preload_deformation)\,0.0,_Timestep_00001,_20231130\,SYS_03_(Preload_deformation)\00_Timestep_00001_20231130\Surface_00_Deformation.txt,VNIR,1.0,on-axis,2.0,3.0,4.0,0.0011376459134686077
17,100,nominal,SYS_03_(Preload_deformation)\,0.0,_Timestep_00001,_20231130\,SYS_03_(Preload_deformation)\00_Timestep_00001_20231130\Surface_00_Deformation.txt,VNIR,1.0,on-axis,3.0,3.0,4.0,-0.00021220192742766133
18,100,nominal,SYS_03_(Preload_deformation)\,0.0,_Timestep_00001,_20231130\,SYS_03_(Preload_deformation)\00_Timestep_00001_20231130\Surface_00_Deformation.txt,VNIR,1.0,on-axis,4.0,3.0,4.0,-0.0240607796786412
19,100,nominal,SYS_03_(Preload_deformation)\,0.0,_Timestep_00001,_20231130\,SYS_03_(Preload_deformation)\00_Timestep_00001_20231130\Surface_00_Deformation.txt,VNIR,1.0,on-axis,5.0,3.0,4.0,-0.08670535057951291
20,100,nominal,SYS_03_(Preload_deformation)\,0.0,_Timestep_00001,_20231130\,SYS_03_(Preload_deformation)\00_Timestep_00001_20231130\Surface_00_Deformation.txt,VNIR,1.0,on-axis,6.0,3.0,4.0,0.09468097080853004
21,100,nominal,SYS_03_(Preload_deformation)\,0.0,_Timestep_00001,_20231130\,SYS_03_(Preload_deformation)\00_Timestep_00001_20231130\Surface_00_Deformation.txt,VNIR,1.0,on-axis,7.0,3.0,4.0,0.000640537108177867
22,100,nominal,SYS_03_(Preload_deformation)\,0.0,_Timestep_00001,_20231130\,SYS_03_(Preload_deformation)\00_Timestep_00001_20231130\Surface_00_Deformation.txt,VNIR,1.0,on-axis,8.0,3.0,4.0,0.00040568057080957805
23,100,nominal,SYS_03_(Preload_deformation)\,0.0,_Timestep_00001,_20231130\,SYS_03_(Preload_deformation)\00_Timestep_00001_20231130\Surface_00_Deformation.txt,VNIR,1.0,on-axis,9.0,3.0,4.0,-0.010982754388508813
24,100,nominal,SYS_03_(Preload_deformation)\,0.0,_Timestep_00001,_20231130\,SYS_03_(Preload_deformation)\00_Timestep_00001_20231130\Surface_00_Deformation.txt,VNIR,1.0,on-axis,10.0,3.0,4.0,0.00435140845870171
25,100,nominal,SYS_03_(Preload_deformation)\,0.0,_Timestep_00001,_20231130\,SYS_03_(Preload_deformation)\00_Timestep_00001_20231130\Surface_00_Deformation.txt,VNIR,1.0,on-axis,11.0,3.0,4.0,0.0010388096786969727
26,100,nominal,SYS_03_(Preload_deformation)\,0.0,_Timestep_00001,_20231130\,SYS_03_(Preload_deformation)\00_Timestep_00001_20231130\Surface_00_Deformation.txt,VNIR,1.0,on-axis,12.0,3.0,4.0,-0.01088445786332993
27,100,nominal,SYS_03_(Preload_deformation)\,0.0,_Timestep_00001,_20231130\,SYS_03_(Preload_deformation)\00_Timestep_00001_20231130\Surface_00_Deformation.txt,VNIR,1.0,on-axis,13.0,3.0,4.0,0.009946334633600295
28,100,nominal,SYS_03_(Preload_deformation)\,0.0,_Timestep_00001,_20231130\,SYS_03_(Preload_deformation)\00_Timestep_00001_20231130\Surface_00_Deformation.txt,VNIR,1.0,on-axis,14.0,3.0,4.0,-0.001479711480665984
29,100,nominal,SYS_03_(Preload_deformation)\,0.0,_Timestep_00001,_20231130\,SYS_03_(Preload_deformation)\00_Timestep_00001_20231130\Surface_00_Deformation.txt,VNIR,1.0,on-axis,15.0,3.0,4.0,-0.00017738651720808905
30,200,nominal,SYS_03_(Preload_deformation)\,1.0,_Timestep_00002,_20231130\,SYS_03_(Preload_deformation)\01_Timestep_00002_20231130\Surface_00_Deformation.txt,VNIR,1.0,on-axis,1.0,3.0,4.0,-0.207069175496129
31,200,nominal,SYS_03_(Preload_deformation)\,1.0,_Timestep_00002,_20231130\,SYS_03_(Preload_deformation)\01_Timestep_00002_20231130\Surface_00_Deformation.txt,VNIR,1.0,on-axis,2.0,3.0,4.0,0.0007447855826773816
32,200,nominal,SYS_03_(Preload_deformation)\,1.0,_Timestep_00002,_20231130\,SYS_03_(Preload_deformation)\01_Timestep_00002_20231130\Surface_00_Deformation.txt,VNIR,1.0,on-axis,3.0,3.0,4.0,-0.0005689617219441116
33,200,nominal,SYS_03_(Preload_deformation)\,1.0,_Timestep_00002,_20231130\,SYS_03_(Preload_deformation)\01_Timestep_00002_20231130\Surface_00_Deformation.txt,VNIR,1.0,on-axis,4.0,3.0,4.0,-0.03437682261694119
34,200,nominal,SYS_03_(Preload_deformation)\,1.0,_Timestep_00002,_20231130\,SYS_03_(Preload_deformation)\01_Timestep_00002_20231130\Surface_00_Deformation.txt,VNIR,1.0,on-axis,5.0,3.0,4.0,-0.10345681238266091
35,200,nominal,SYS_03_(Preload_deformation)\,1.0,_Timestep_00002,_20231130\,SYS_03_(Preload_deformation)\01_Timestep_00002_20231130\Surface_00_Deformation.txt,VNIR,1.0,on-axis,6.0,3.0,4.0,0.10619570521606117
36,200,nominal,SYS_03_(Preload_deformation)\,1.0,_Timestep_00002,_20231130\,SYS_03_(Preload_deformation)\01_Timestep_00002_20231130\Surface_00_Deformation.txt,VNIR,1.0,on-axis,7.0,3.0,4.0,0.0007826174277549983
37,200,nominal,SYS_03_(Preload_deformation)\,1.0,_Timestep_00002,_20231130\,SYS_03_(Preload_deformation)\01_Timestep_00002_20231130\Surface_00_Deformation.txt,VNIR,1.0,on-axis,8.0,3.0,4.0,0.00025292136478540596
38,200,nominal,SYS_03_(Preload_deformation)\,1.0,_Timestep_00002,_20231130\,SYS_03_(Preload_deformation)\01_Timestep_00002_20231130\Surface_00_Deformation.txt,VNIR,1.0,on-axis,9.0,3.0,4.0,-0.015198470194187826
39,200,nominal,SYS_03_(Preload_deformation)\,1.0,_Timestep_00002,_20231130\,SYS_03_(Preload_deformation)\01_Timestep_00002_20231130\Surface_00_Deformation.txt,VNIR,1.0,on-axis,10.0,3.0,4.0,0.0018528970093222338
40,200,nominal,SYS_03_(Preload_deformation)\,1.0,_Timestep_00002,_20231130\,SYS_03_(Preload_deformation)\01_Timestep_00002_20231130\Surface_00_Deformation.txt,VNIR,1.0,on-axis,11.0,3.0,4.0,0.004520807716145123
41,200,nominal,SYS_03_(Preload_deformation)\,1.0,_Timestep_00002,_20231130\,SYS_03_(Preload_deformation)\01_Timestep_00002_20231130\Surface_00_Deformation.txt,VNIR,1.0,on-axis,12.0,3.0,4.0,-0.012136574163823109
42,200,nominal,SYS_03_(Preload_deformation)\,1.0,_Timestep_00002,_20231130\,SYS_03_(Preload_deformation)\01_Timestep_00002_20231130\Surface_00_Deformation.txt,VNIR,1.0,on-axis,13.0,3.0,4.0,0.011847666368784522
43,200,nominal,SYS_03_(Preload_deformation)\,1.0,_Timestep_00002,_20231130\,SYS_03_(Preload_deformation)\01_Timestep_00002_20231130\Surface_00_Deformation.txt,VNIR,1.0,on-axis,14.0,3.0,4.0,-0.0023283042580745004
44,200,nominal,SYS_03_(Preload_deformation)\,1.0,_Timestep_00002,_20231130\,SYS_03_(Preload_deformation)\01_Timestep_00002_20231130\Surface_00_Deformation.txt,VNIR,1.0,on-axis,15.0,3.0,4.0,6.244543174507527e-05
45,300,nominal,SYS_03_(Preload_deformation)\,2.0,_Timestep_00003,_20231130\,SYS_03_(Preload_deformation)\02_Timestep_00003_20231130\Surface_00_Deformation.txt,VNIR,1.0,on-axis,1.0,3.0,4.0,-0.24215470960955007
46,300,nominal,SYS_03_(Preload_deformation)\,2.0,_Timestep_00003,_20231130\,SYS_03_(Preload_deformation)\02_Timestep_00003_20231130\Surface_00_Deformation.txt,VNIR,1.0,on-axis,2.0,3.0,4.0,0.0012965366162247785
47,300,nominal,SYS_03_(Preload_deformation)\,2.0,_Timestep_00003,_20231130\,SYS_03_(Preload_deformation)\02_Timestep_00003_20231130\Surface_00_Deformation.txt,VNIR,1.0,on-axis,3.0,3.0,4.0,-0.002128425470983658
48,300,nominal,SYS_03_(Preload_deformation)\,2.0,_Timestep_00003,_20231130\,SYS_03_(Preload_deformation)\02_Timestep_00003_20231130\Surface_00_Deformation.txt,VNIR,1.0,on-axis,4.0,3.0,4.0,-0.04721185971053784
49,300,nominal,SYS_03_(Preload_deformation)\,2.0,_Timestep_00003,_20231130\,SYS_03_(Preload_deformation)\02_Timestep_00003_20231130\Surface_00_Deformation.txt,VNIR,1.0,on-axis,5.0,3.0,4.0,-0.11431164464849997
50,300,nominal,SYS_03_(Preload_deformation)\,2.0,_Timestep_00003,_20231130\,SYS_03_(Preload_deformation)\02_Timestep_00003_20231130\Surface_00_Deformation.txt,VNIR,1.0,on-axis,6.0,3.0,4.0,0.11142529730832089
51,300,nominal,SYS_03_(Preload_deformation)\,2.0,_Timestep_00003,_20231130\,SYS_03_(Preload_deformation)\02_Timestep_00003_20231130\Surface_00_Deformation.txt,VNIR,1.0,on-axis,7.0,3.0,4.0,0.0007785245614205191
52,300,nominal,SYS_03_(Preload_deformation)\,2.0,_Timestep_00003,_20231130\,SYS_03_(Preload_deformation)\02_Timestep_00003_20231130\Surface_00_Deformation.txt,VNIR,1.0,on-axis,8.0,3.0,4.0,0.00025133273746370626
53,300,nominal,SYS_03_(Preload_deformation)\,2.0,_Timestep_00003,_20231130\,SYS_03_(Preload_deformation)\02_Timestep_00003_20231130\Surface_00_Deformation.txt,VNIR,1.0,on-axis,9.0,3.0,4.0,-0.020118568025685606
54,300,nominal,SYS_03_(Preload_deformation)\,2.0,_Timestep_00003,_20231130\,SYS_03_(Preload_deformation)\02_Timestep_00003_20231130\Surface_00_Deformation.txt,VNIR,1.0,on-axis,10.0,3.0,4.0,0.00042152900837838194
55,300,nominal,SYS_03_(Preload_deformation)\,2.0,_Timestep_00003,_20231130\,SYS_03_(Preload_deformation)\02_Timestep_00003_20231130\Surface_00_Deformation.txt,VNIR,1.0,on-axis,11.0,3.0,4.0,0.008617273873784949
56,300,nominal,SYS_03_(Preload_deformation)\,2.0,_Timestep_00003,_20231130\,SYS_03_(Preload_deformation)\02_Timestep_00003_20231130\Surface_00_Deformation.txt,VNIR,1.0,on-axis,12.0,3.0,4.0,-0.012718705036579552
57,300,nominal,SYS_03_(Preload_deformation)\,2.0,_Timestep_00003,_20231130\,SYS_03_(Preload_deformation)\02_Timestep_00003_20231130\Surface_00_Deformation.txt,VNIR,1.0,on-axis,13.0,3.0,4.0,0.01305033845872418
58,300,nominal,SYS_03_(Preload_deformation)\,2.0,_Timestep_00003,_20231130\,SYS_03_(Preload_deformation)\02_Timestep_00003_20231130\Surface_00_Deformation.txt,VNIR,1.0,on-axis,14.0,3.0,4.0,-0.002709533138623631
59,300,nominal,SYS_03_(Preload_deformation)\,2.0,_Timestep_00003,_20231130\,SYS_03_(Preload_deformation)\02_Timestep_00003_20231130\Surface_00_Deformation.txt,VNIR,1.0,on-axis,15.0,3.0,4.0,0.0017180293065726174
60,400,nominal,SYS_03_(Preload_deformation)\,3.0,_Timestep_00004,_20231130\,SYS_03_(Preload_deformation)\03_Timestep_00004_20231130\Surface_00_Deformation.txt,VNIR,1.0,on-axis,1.0,3.0,4.0,-0.2796884222929542
61,400,nominal,SYS_03_(Preload_deformation)\,3.0,_Timestep_00004,_20231130\,SYS_03_(Preload_deformation)\03_Timestep_00004_20231130\Surface_00_Deformation.txt,VNIR,1.0,on-axis,2.0,3.0,4.0,0.0010336593818531766
62,400,nominal,SYS_03_(Preload_deformation)\,3.0,_Timestep_00004,_20231130\,SYS_03_(Preload_deformation)\03_Timestep_00004_20231130\Surface_00_Deformation.txt,VNIR,1.0,on-axis,3.0,3.0,4.0,-0.0025336088501156664
63,400,nominal,SYS_03_(Preload_deformation)\,3.0,_Timestep_00004,_20231130\,SYS_03_(Preload_deformation)\03_Timestep_00004_20231130\Surface_00_Deformation.txt,VNIR,1.0,on-axis,4.0,3.0,4.0,-0.060383339539556546
64,400,nominal,SYS_03_(Preload_deformation)\,3.0,_Timestep_00004,_20231130\,SYS_03_(Preload_deformation)\03_Timestep_00004_20231130\Surface_00_Deformation.txt,VNIR,1.0,on-axis,5.0,3.0,4.0,-0.110584841371208
65,400,nominal,SYS_03_(Preload_deformation)\,3.0,_Timestep_00004,_20231130\,SYS_03_(Preload_deformation)\03_Timestep_00004_20231130\Surface_00_Deformation.txt,VNIR,1.0,on-axis,6.0,3.0,4.0,0.13159758905002647
66,400,nominal,SYS_03_(Preload_deformation)\,3.0,_Timestep_00004,_20231130\,SYS_03_(Preload_deformation)\03_Timestep_00004_20231130\Surface_00_Deformation.txt,VNIR,1.0,on-axis,7.0,3.0,4.0,0.000772520205179337
67,400,nominal,SYS_03_(Preload_deformation)\,3.0,_Timestep_00004,_20231130\,SYS_03_(Preload_deformation)\03_Timestep_00004_20231130\Surface_00_Deformation.txt,VNIR,1.0,on-axis,8.0,3.0,4.0,0.00023036568690381815
68,400,nominal,SYS_03_(Preload_deformation)\,3.0,_Timestep_00004,_20231130\,SYS_03_(Preload_deformation)\03_Timestep_00004_20231130\Surface_00_Deformation.txt,VNIR,1.0,on-axis,9.0,3.0,4.0,-0.021616987599485195
69,400,nominal,SYS_03_(Preload_deformation)\,3.0,_Timestep_00004,_20231130\,SYS_03_(Preload_deformation)\03_Timestep_00004_20231130\Surface_00_Deformation.txt,VNIR,1.0,on-axis,10.0,3.0,4.0,0.0006357410422080906
70,400,nominal,SYS_03_(Preload_deformation)\,3.0,_Timestep_00004,_20231130\,SYS_03_(Preload_deformation)\03_Timestep_00004_20231130\Surface_00_Deformation.txt,VNIR,1.0,on-axis,11.0,3.0,4.0,0.012641434353628194
71,400,nominal,SYS_03_(Preload_deformation)\,3.0,_Timestep_00004,_20231130\,SYS_03_(Preload_deformation)\03_Timestep_00004_20231130\Surface_00_Deformation.txt,VNIR,1.0,on-axis,12.0,3.0,4.0,-0.014999955319320725
72,400,nominal,SYS_03_(Preload_deformation)\,3.0,_Timestep_00004,_20231130\,SYS_03_(Preload_deformation)\03_Timestep_00004_20231130\Surface_00_Deformation.txt,VNIR,1.0,on-axis,13.0,3.0,4.0,0.01258591123929255
73,400,nominal,SYS_03_(Preload_deformation)\,3.0,_Timestep_00004,_20231130\,SYS_03_(Preload_deformation)\03_Timestep_00004_20231130\Surface_00_Deformation.txt,VNIR,1.0,on-axis,14.0,3.0,4.0,-0.0026665854207836488
74,400,nominal,SYS_03_(Preload_deformation)\,3.0,_Timestep_00004,_20231130\,SYS_03_(Preload_deformation)\03_Timestep_00004_20231130\Surface_00_Deformation.txt,VNIR,1.0,on-axis,15.0,3.0,4.0,0.0021580368082345443
75,500,nominal,SYS_03_(Preload_deformation)\,4.0,_Timestep_00005,_20231130\,SYS_03_(Preload_deformation)\04_Timestep_00005_20231130\Surface_00_Deformation.txt,VNIR,1.0,on-axis,1.0,3.0,4.0,-0.3194351172544456
76,500,nominal,SYS_03_(Preload_deformation)\,4.0,_Timestep_00005,_20231130\,SYS_03_(Preload_deformation)\04_Timestep_00005_20231130\Surface_00_Deformation.txt,VNIR,1.0,on-axis,2.0,3.0,4.0,0.001074935970459863
77,500,nominal,SYS_03_(Preload_deformation)\,4.0,_Timestep_00005,_20231130\,SYS_03_(Preload_deformation)\04_Timestep_00005_20231130\Surface_00_Deformation.txt,VNIR,1.0,on-axis,3.0,3.0,4.0,-0.003246476111193941
78,500,nominal,SYS_03_(Preload_deformation)\,4.0,_Timestep_00005,_20231130\,SYS_03_(Preload_deformation)\04_Timestep_00005_20231130\Surface_00_Deformation.txt,VNIR,1.0,on-axis,4.0,3.0,4.0,-0.07395189110769065
79,500,nominal,SYS_03_(Preload_deformation)\,4.0,_Timestep_00005,_20231130\,SYS_03_(Preload_deformation)\04_Timestep_00005_20231130\Surface_00_Deformation.txt,VNIR,1.0,on-axis,5.0,3.0,4.0,-0.10505911248179083
80,500,nominal,SYS_03_(Preload_deformation)\,4.0,_Timestep_00005,_20231130\,SYS_03_(Preload_deformation)\04_Timestep_00005_20231130\Surface_00_Deformation.txt,VNIR,1.0,on-axis,6.0,3.0,4.0,0.14449111308836235
81,500,nominal,SYS_03_(Preload_deformation)\,4.0,_Timestep_00005,_20231130\,SYS_03_(Preload_deformation)\04_Timestep_00005_20231130\Surface_00_Deformation.txt,VNIR,1.0,on-axis,7.0,3.0,4.0,0.0007624802435834084
82,500,nominal,SYS_03_(Preload_deformation)\,4.0,_Timestep_00005,_20231130\,SYS_03_(Preload_deformation)\04_Timestep_00005_20231130\Surface_00_Deformation.txt,VNIR,1.0,on-axis,8.0,3.0,4.0,0.0002440020271546889
83,500,nominal,SYS_03_(Preload_deformation)\,4.0,_Timestep_00005,_20231130\,SYS_03_(Preload_deformation)\04_Timestep_00005_20231130\Surface_00_Deformation.txt,VNIR,1.0,on-axis,9.0,3.0,4.0,-0.023661112027851906
84,500,nominal,SYS_03_(Preload_deformation)\,4.0,_Timestep_00005,_20231130\,SYS_03_(Preload_deformation)\04_Timestep_00005_20231130\Surface_00_Deformation.txt,VNIR,1.0,on-axis,10.0,3.0,4.0,0.0009667719004527159
85,500,nominal,SYS_03_(Preload_deformation)\,4.0,_Timestep_00005,_20231130\,SYS_03_(Preload_deformation)\04_Timestep_00005_20231130\Surface_00_Deformation.txt,VNIR,1.0,on-axis,11.0,3.0,4.0,0.01663819355345086
86,500,nominal,SYS_03_(Preload_deformation)\,4.0,_Timestep_00005,_20231130\,SYS_03_(Preload_deformation)\04_Timestep_00005_20231130\Surface_00_Deformation.txt,VNIR,1.0,on-axis,12.0,3.0,4.0,-0.01642419369234991
87,500,nominal,SYS_03_(Preload_deformation)\,4.0,_Timestep_00005,_20231130\,SYS_03_(Preload_deformation)\04_Timestep_00005_20231130\Surface_00_Deformation.txt,VNIR,1.0,on-axis,13.0,3.0,4.0,0.011920265348046775
88,500,nominal,SYS_03_(Preload_deformation)\,4.0,_Timestep_00005,_20231130\,SYS_03_(Preload_deformation)\04_Timestep_00005_20231130\Surface_00_Deformation.txt,VNIR,1.0,on-axis,14.0,3.0,4.0,-0.002628421580084305
89,500,nominal,SYS_03_(Preload_deformation)\,4.0,_Timestep_00005,_20231130\,SYS_03_(Preload_deformation)\04_Timestep_00005_20231130\Surface_00_Deformation.txt,VNIR,1.0,on-axis,15.0,3.0,4.0,0.0021720592629596003
90,600,nominal,SYS_03_(Preload_deformation)\,5.0,_Timestep_00006,_20231130\,SYS_03_(Preload_deformation)\05_Timestep_00006_20231130\Surface_00_Deformation.txt,VNIR,1.0,on-axis,1.0,3.0,4.0,-0.3610569913256392
91,600,nominal,SYS_03_(Preload_deformation)\,5.0,_Timestep_00006,_20231130\,SYS_03_(Preload_deformation)\05_Timestep_00006_20231130\Surface_00_Deformation.txt,VNIR,1.0,on-axis,2.0,3.0,4.0,0.0009882508263083297
92,600,nominal,SYS_03_(Preload_deformation)\,5.0,_Timestep_00006,_20231130\,SYS_03_(Preload_deformation)\05_Timestep_00006_20231130\Surface_00_Deformation.txt,VNIR,1.0,on-axis,3.0,3.0,4.0,-0.003959731316321819
93,600,nominal,SYS_03_(Preload_deformation)\,5.0,_Timestep_00006,_20231130\,SYS_03_(Preload_deformation)\05_Timestep_00006_20231130\Surface_00_Deformation.txt,VNIR,1.0,on-axis,4.0,3.0,4.0,-0.0878519937689339
94,600,nominal,SYS_03_(Preload_deformation)\,5.0,_Timestep_00006,_20231130\,SYS_03_(Preload_deformation)\05_Timestep_00006_20231130\Surface_00_Deformation.txt,VNIR,1.0,on-axis,5.0,3.0,4.0,-0.09590624276030393
95,600,nominal,SYS_03_(Preload_deformation)\,5.0,_Timestep_00006,_20231130\,SYS_03_(Preload_deformation)\05_Timestep_00006_20231130\Surface_00_Deformation.txt,VNIR,1.0,on-axis,6.0,3.0,4.0,0.15374683848931445
96,600,nominal,SYS_03_(Preload_deformation)\,5.0,_Timestep_00006,_20231130\,SYS_03_(Preload_deformation)\05_Timestep_00006_20231130\Surface_00_Deformation.txt,VNIR,1.0,on-axis,7.0,3.0,4.0,0.0007625513067122632
97,600,nominal,SYS_03_(Preload_deformation)\,5.0,_Timestep_00006,_20231130\,SYS_03_(Preload_deformation)\05_Timestep_00006_20231130\Surface_00_Deformation.txt,VNIR,1.0,on-axis,8.0,3.0,4.0,0.00022922367822984178
98,600,nominal,SYS_03_(Preload_deformation)\,5.0,_Timestep_00006,_20231130\,SYS_03_(Preload_deformation)\05_Timestep_00006_20231130\Surface_00_Deformation.txt,VNIR,1.0,on-axis,9.0,3.0,4.0,-0.025970708194865973
99,600,nominal,SYS_03_(Preload_deformation)\,5.0,_Timestep_00006,_20231130\,SYS_03_(Preload_deformation)\05_Timestep_00006_20231130\Surface_00_Deformation.txt,VNIR,1.0,on-axis,10.0,3.0,4.0,0.001211205351934592
100,600,nominal,SYS_03_(Preload_deformation)\,5.0,_Timestep_00006,_20231130\,SYS_03_(Preload_deformation)\05_Timestep_00006_20231130\Surface_00_Deformation.txt,VNIR,1.0,on-axis,11.0,3.0,4.0,0.020607138630086775
101,600,nominal,SYS_03_(Preload_deformation)\,5.0,_Timestep_00006,_20231130\,SYS_03_(Preload_deformation)\05_Timestep_00006_20231130\Surface_00_Deformation.txt,VNIR,1.0,on-axis,12.0,3.0,4.0,-0.017407767331013256
102,600,nominal,SYS_03_(Preload_deformation)\,5.0,_Timestep_00006,_20231130\,SYS_03_(Preload_deformation)\05_Timestep_00006_20231130\Surface_00_Deformation.txt,VNIR,1.0,on-axis,13.0,3.0,4.0,0.010830260130310725
103,600,nominal,SYS_03_(Preload_deformation)\,5.0,_Timestep_00006,_20231130\,SYS_03_(Preload_deformation)\05_Timestep_00006_20231130\Surface_00_Deformation.txt,VNIR,1.0,on-axis,14.0,3.0,4.0,-0.0027304747357069347
104,600,nominal,SYS_03_(Preload_deformation)\,5.0,_Timestep_00006,_20231130\,SYS_03_(Preload_deformation)\05_Timestep_00006_20231130\Surface_00_Deformation.txt,VNIR,1.0,on-axis,15.0,3.0,4.0,0.002129240389613602
105,700,nominal,SYS_03_(Preload_deformation)\,6.0,_Timestep_00007,_20231130\,SYS_03_(Preload_deformation)\06_Timestep_00007_20231130\Surface_00_Deformation.txt,VNIR,1.0,on-axis,1.0,3.0,4.0,-0.40291984785502044
106,700,nominal,SYS_03_(Preload_deformation)\,6.0,_Timestep_00007,_20231130\,SYS_03_(Preload_deformation)\06_Timestep_00007_20231130\Surface_00_Deformation.txt,VNIR,1.0,on-axis,2.0,3.0,4.0,0.001230477372455138
107,700,nominal,SYS_03_(Preload_deformation)\,6.0,_Timestep_00007,_20231130\,SYS_03_(Preload_deformation)\06_Timestep_00007_20231130\Surface_00_Deformation.txt,VNIR,1.0,on-axis,3.0,3.0,4.0,-0.003488308105562655
108,700,nominal,SYS_03_(Preload_deformation)\,6.0,_Timestep_00007,_20231130\,SYS_03_(Preload_deformation)\06_Timestep_00007_20231130\Surface_00_Deformation.txt,VNIR,1.0,on-axis,4.0,3.0,4.0,-0.10153258317740181
109,700,nominal,SYS_03_(Preload_deformation)\,6.0,_Timestep_00007,_20231130\,SYS_03_(Preload_deformation)\06_Timestep_00007_20231130\Surface_00_Deformation.txt,VNIR,1.0,on-axis,5.0,3.0,4.0,-0.07599561440232681
110,700,nominal,SYS_03_(Preload_deformation)\,6.0,_Timestep_00007,_20231130\,SYS_03_(Preload_deformation)\06_Timestep_00007_20231130\Surface_00_Deformation.txt,VNIR,1.0,on-axis,6.0,3.0,4.0,0.14973787422898838
111,700,nominal,SYS_03_(Preload_deformation)\,6.0,_Timestep_00007,_20231130\,SYS_03_(Preload_deformation)\06_Timestep_00007_20231130\Surface_00_Deformation.txt,VNIR,1.0,on-axis,7.0,3.0,4.0,0.0008339456868653457
112,700,nominal,SYS_03_(Preload_deformation)\,6.0,_Timestep_00007,_20231130\,SYS_03_(Preload_deformation)\06_Timestep_00007_20231130\Surface_00_Deformation.txt,VNIR,1.0,on-axis,8.0,3.0,4.0,0.0002504684941890779
113,700,nominal,SYS_03_(Preload_deformation)\,6.0,_Timestep_00007,_20231130\,SYS_03_(Preload_deformation)\06_Timestep_00007_20231130\Surface_00_Deformation.txt,VNIR,1.0,on-axis,9.0,3.0,4.0,-0.02683071523811312
114,700,nominal,SYS_03_(Preload_deformation)\,6.0,_Timestep_00007,_20231130\,SYS_03_(Preload_deformation)\06_Timestep_00007_20231130\Surface_00_Deformation.txt,VNIR,1.0,on-axis,10.0,3.0,4.0,0.0011697135058038324
115,700,nominal,SYS_03_(Preload_deformation)\,6.0,_Timestep_00007,_20231130\,SYS_03_(Preload_deformation)\06_Timestep_00007_20231130\Surface_00_Deformation.txt,VNIR,1.0,on-axis,11.0,3.0,4.0,0.024444321826428774
116,700,nominal,SYS_03_(Preload_deformation)\,6.0,_Timestep_00007,_20231130\,SYS_03_(Preload_deformation)\06_Timestep_00007_20231130\Surface_00_Deformation.txt,VNIR,1.0,on-axis,12.0,3.0,4.0,-0.016933833776954472
117,700,nominal,SYS_03_(Preload_deformation)\,6.0,_Timestep_00007,_20231130\,SYS_03_(Preload_deformation)\06_Timestep_00007_20231130\Surface_00_Deformation.txt,VNIR,1.0,on-axis,13.0,3.0,4.0,0.008624451713221319
118,700,nominal,SYS_03_(Preload_deformation)\,6.0,_Timestep_00007,_20231130\,SYS_03_(Preload_deformation)\06_Timestep_00007_20231130\Surface_00_Deformation.txt,VNIR,1.0,on-axis,14.0,3.0,4.0,-0.0033097170045050025
119,700,nominal,SYS_03_(Preload_deformation)\,6.0,_Timestep_00007,_20231130\,SYS_03_(Preload_deformation)\06_Timestep_00007_20231130\Surface_00_Deformation.txt,VNIR,1.0,on-axis,15.0,3.0,4.0,0.0019029162554766459
120,800,nominal,SYS_03_(Preload_deformation)\,10.0,_Timestep_00008,_20231130\,SYS_03_(Preload_deformation)\10_Timestep_00008_20231130\Surface_00_Deformation.txt,VNIR,1.0,on-axis,1.0,3.0,4.0,-0.4431900046251474
121,800,nominal,SYS_03_(Preload_deformation)\,10.0,_Timestep_00008,_20231130\,SYS_03_(Preload_deformation)\10_Timestep_00008_20231130\Surface_00_Deformation.txt,VNIR,1.0,on-axis,2.0,3.0,4.0,0.0012431040329834093
122,800,nominal,SYS_03_(Preload_deformation)\,10.0,_Timestep_00008,_20231130\,SYS_03_(Preload_deformation)\10_Timestep_00008_20231130\Surface_00_Deformation.txt,VNIR,1.0,on-axis,3.0,3.0,4.0,-0.0032372450915701114
123,800,nominal,SYS_03_(Preload_deformation)\,10.0,_Timestep_00008,_20231130\,SYS_03_(Preload_deformation)\10_Timestep_00008_20231130\Surface_00_Deformation.txt,VNIR,1.0,on-axis,4.0,3.0,4.0,-0.11448687377720297
124,800,nominal,SYS_03_(Preload_deformation)\,10.0,_Timestep_00008,_20231130\,SYS_03_(Preload_deformation)\10_Timestep_00008_20231130\Surface_00_Deformation.txt,VNIR,1.0,on-axis,5.0,3.0,4.0,-0.06322977824884465
125,800,nominal,SYS_03_(Preload_deformation)\,10.0,_Timestep_00008,_20231130\,SYS_03_(Preload_deformation)\10_Timestep_00008_20231130\Surface_00_Deformation.txt,VNIR,1.0,on-axis,6.0,3.0,4.0,0.1390487596458745
126,800,nominal,SYS_03_(Preload_deformation)\,10.0,_Timestep_00008,_20231130\,SYS_03_(Preload_deformation)\10_Timestep_00008_20231130\Surface_00_Deformation.txt,VNIR,1.0,on-axis,7.0,3.0,4.0,0.0008643107809119325
127,800,nominal,SYS_03_(Preload_deformation)\,10.0,_Timestep_00008,_20231130\,SYS_03_(Preload_deformation)\10_Timestep_00008_20231130\Surface_00_Deformation.txt,VNIR,1.0,on-axis,8.0,3.0,4.0,0.0002487873398792525
128,800,nominal,SYS_03_(Preload_deformation)\,10.0,_Timestep_00008,_20231130\,SYS_03_(Preload_deformation)\10_Timestep_00008_20231130\Surface_00_Deformation.txt,VNIR,1.0,on-axis,9.0,3.0,4.0,-0.02708108028557609
129,800,nominal,SYS_03_(Preload_deformation)\,10.0,_Timestep_00008,_20231130\,SYS_03_(Preload_deformation)\10_Timestep_00008_20231130\Surface_00_Deformation.txt,VNIR,1.0,on-axis,10.0,3.0,4.0,0.0010996163678568766
130,800,nominal,SYS_03_(Preload_deformation)\,10.0,_Timestep_00008,_20231130\,SYS_03_(Preload_deformation)\10_Timestep_00008_20231130\Surface_00_Deformation.txt,VNIR,1.0,on-axis,11.0,3.0,4.0,0.028079223538204426
131,800,nominal,SYS_03_(Preload_deformation)\,10.0,_Timestep_00008,_20231130\,SYS_03_(Preload_deformation)\10_Timestep_00008_20231130\Surface_00_Deformation.txt,VNIR,1.0,on-axis,12.0,3.0,4.0,-0.015817439559727767
132,800,nominal,SYS_03_(Preload_deformation)\,10.0,_Timestep_00008,_20231130\,SYS_03_(Preload_deformation)\10_Timestep_00008_20231130\Surface_00_Deformation.txt,VNIR,1.0,on-axis,13.0,3.0,4.0,0.007255268227891401
133,800,nominal,SYS_03_(Preload_deformation)\,10.0,_Timestep_00008,_20231130\,SYS_03_(Preload_deformation)\10_Timestep_00008_20231130\Surface_00_Deformation.txt,VNIR,1.0,on-axis,14.0,3.0,4.0,-0.004165294669451353
134,800,nominal,SYS_03_(Preload_deformation)\,10.0,_Timestep_00008,_20231130\,SYS_03_(Preload_deformation)\10_Timestep_00008_20231130\Surface_00_Deformation.txt,VNIR,1.0,on-axis,15.0,3.0,4.0,0.001987731782943694
135,900,nominal,SYS_03_(Preload_deformation)\,14.0,_Timestep_00009,_20231130\,SYS_03_(Preload_deformation)\14_Timestep_00009_20231130\Surface_00_Deformation.txt,VNIR,1.0,on-axis,1.0,3.0,4.0,-0.48252604811373956
136,900,nominal,SYS_03_(Preload_deformation)\,14.0,_Timestep_00009,_20231130\,SYS_03_(Preload_deformation)\14_Timestep_00009_20231130\Surface_00_Deformation.txt,VNIR,1.0,on-axis,2.0,3.0,4.0,0.0011971493577147315
137,900,nominal,SYS_03_(Preload_deformation)\,14.0,_Timestep_00009,_20231130\,SYS_03_(Preload_deformation)\14_Timestep_00009_20231130\Surface_00_Deformation.txt,VNIR,1.0,on-axis,3.0,3.0,4.0,-0.00301615566084039
138,900,nominal,SYS_03_(Preload_deformation)\,14.0,_Timestep_00009,_20231130\,SYS_03_(Preload_deformation)\14_Timestep_00009_20231130\Surface_00_Deformation.txt,VNIR,1.0,on-axis,4.0,3.0,4.0,-0.12700146358646186
139,900,nominal,SYS_03_(Preload_deformation)\,14.0,_Timestep_00009,_20231130\,SYS_03_(Preload_deformation)\14_Timestep_00009_20231130\Surface_00_Deformation.txt,VNIR,1.0,on-axis,5.0,3.0,4.0,-0.056870013932943254
140,900,nominal,SYS_03_(Preload_deformation)\,14.0,_Timestep_00009,_20231130\,SYS_03_(Preload_deformation)\14_Timestep_00009_20231130\Surface_00_Deformation.txt,VNIR,1.0,on-axis,6.0,3.0,4.0,0.1343387149300158
141,900,nominal,SYS_03_(Preload_deformation)\,14.0,_Timestep_00009,_20231130\,SYS_03_(Preload_deformation)\14_Timestep_00009_20231130\Surface_00_Deformation.txt,VNIR,1.0,on-axis,7.0,3.0,4.0,0.0008884849149078973
142,900,nominal,SYS_03_(Preload_deformation)\,14.0,_Timestep_00009,_20231130\,SYS_03_(Preload_deformation)\14_Timestep_00009_20231130\Surface_00_Deformation.txt,VNIR,1.0,on-axis,8.0,3.0,4.0,0.00024117844616355387
143,900,nominal,SYS_03_(Preload_deformation)\,14.0,_Timestep_00009,_20231130\,SYS_03_(Preload_deformation)\14_Timestep_00009_20231130\Surface_00_Deformation.txt,VNIR,1.0,on-axis,9.0,3.0,4.0,-0.02718369227698697
144,900,nominal,SYS_03_(Preload_deformation)\,14.0,_Timestep_00009,_20231130\,SYS_03_(Preload_deformation)\14_Timestep_00009_20231130\Surface_00_Deformation.txt,VNIR,1.0,on-axis,10.0,3.0,4.0,0.001015639543947269
145,900,nominal,SYS_03_(Preload_deformation)\,14.0,_Timestep_00009,_20231130\,SYS_03_(Preload_deformation)\14_Timestep_00009_20231130\Surface_00_Deformation.txt,VNIR,1.0,on-axis,11.0,3.0,4.0,0.031605489271220394
146,900,nominal,SYS_03_(Preload_deformation)\,14.0,_Timestep_00009,_20231130\,SYS_03_(Preload_deformation)\14_Timestep_00009_20231130\Surface_00_Deformation.txt,VNIR,1.0,on-axis,12.0,3.0,4.0,-0.015409803028105332
147,900,nominal,SYS_03_(Preload_deformation)\,14.0,_Timestep_00009,_20231130\,SYS_03_(Preload_deformation)\14_Timestep_00009_20231130\Surface_00_Deformation.txt,VNIR,1.0,on-axis,13.0,3.0,4.0,0.006548610895432372
148,900,nominal,SYS_03_(Preload_deformation)\,14.0,_Timestep_00009,_20231130\,SYS_03_(Preload_deformation)\14_Timestep_00009_20231130\Surface_00_Deformation.txt,VNIR,1.0,on-axis,14.0,3.0,4.0,-0.004850779896937127
149,900,nominal,SYS_03_(Preload_deformation)\,14.0,_Timestep_00009,_20231130\,SYS_03_(Preload_deformation)\14_Timestep_00009_20231130\Surface_00_Deformation.txt,VNIR,1.0,on-axis,15.0,3.0,4.0,0.0022022346547381456
150,1000,nominal,SYS_03_(Preload_deformation)\,18.0,_Timestep_00010,_20231130\,SYS_03_(Preload_deformation)\18_Timestep_00010_20231130\Surface_00_Deformation.txt,VNIR,1.0,on-axis,1.0,3.0,4.0,-0.520785507462108
151,1000,nominal,SYS_03_(Preload_deformation)\,18.0,_Timestep_00010,_20231130\,SYS_03_(Preload_deformation)\18_Timestep_00010_20231130\Surface_00_Deformation.txt,VNIR,1.0,on-axis,2.0,3.0,4.0,0.001336948433126275
152,1000,nominal,SYS_03_(Preload_deformation)\,18.0,_Timestep_00010,_20231130\,SYS_03_(Preload_deformation)\18_Timestep_00010_20231130\Surface_00_Deformation.txt,VNIR,1.0,on-axis,3.0,3.0,4.0,-0.002930555973937761
153,1000,nominal,SYS_03_(Preload_deformation)\,18.0,_Timestep_00010,_20231130\,SYS_03_(Preload_deformation)\18_Timestep_00010_20231130\Surface_00_Deformation.txt,VNIR,1.0,on-axis,4.0,3.0,4.0,-0.1390906295364469
154,1000,nominal,SYS_03_(Preload_deformation)\,18.0,_Timestep_00010,_20231130\,SYS_03_(Preload_deformation)\18_Timestep_00010_20231130\Surface_00_Deformation.txt,VNIR,1.0,on-axis,5.0,3.0,4.0,-0.051343785850749966
155,1000,nominal,SYS_03_(Preload_deformation)\,18.0,_Timestep_00010,_20231130\,SYS_03_(Preload_deformation)\18_Timestep_00010_20231130\Surface_00_Deformation.txt,VNIR,1.0,on-axis,6.0,3.0,4.0,0.13441151077423738
156,1000,nominal,SYS_03_(Preload_deformation)\,18.0,_Timestep_00010,_20231130\,SYS_03_(Preload_deformation)\18_Timestep_00010_20231130\Surface_00_Deformation.txt,VNIR,1.0,on-axis,7.0,3.0,4.0,0.0009009750967060209
157,1000,nominal,SYS_03_(Preload_deformation)\,18.0,_Timestep_00010,_20231130\,SYS_03_(Preload_deformation)\18_Timestep_00010_20231130\Surface_00_Deformation.txt,VNIR,1.0,on-axis,8.0,3.0,4.0,0.0002544698812206367
158,1000,nominal,SYS_03_(Preload_deformation)\,18.0,_Timestep_00010,_20231130\,SYS_03_(Preload_deformation)\18_Timestep_00010_20231130\Surface_00_Deformation.txt,VNIR,1.0,on-axis,9.0,3.0,4.0,-0.027449359142740232
159,1000,nominal,SYS_03_(Preload_deformation)\,18.0,_Timestep_00010,_20231130\,SYS_03_(Preload_deformation)\18_Timestep_00010_20231130\Surface_00_Deformation.txt,VNIR,1.0,on-axis,10.0,3.0,4.0,0.0009340191370884492
160,1000,nominal,SYS_03_(Preload_deformation)\,18.0,_Timestep_00010,_20231130\,SYS_03_(Preload_deformation)\18_Timestep_00010_20231130\Surface_00_Deformation.txt,VNIR,1.0,on-axis,11.0,3.0,4.0,0.03503262410171293
161,1000,nominal,SYS_03_(Preload_deformation)\,18.0,_Timestep_00010,_20231130\,SYS_03_(Preload_deformation)\18_Timestep_00010_20231130\Surface_00_Deformation.txt,VNIR,1.0,on-axis,12.0,3.0,4.0,-0.015473698227493074
162,1000,nominal,SYS_03_(Preload_deformation)\,18.0,_Timestep_00010,_20231130\,SYS_03_(Preload_deformation)\18_Timestep_00010_20231130\Surface_00_Deformation.txt,VNIR,1.0,on-axis,13.0,3.0,4.0,0.005928141316149142
163,1000,nominal,SYS_03_(Preload_deformation)\,18.0,_Timestep_00010,_20231130\,SYS_03_(Preload_deformation)\18_Timestep_00010_20231130\Surface_00_Deformation.txt,VNIR,1.0,on-axis,14.0,3.0,4.0,-0.005329814794684387
164,1000,nominal,SYS_03_(Preload_deformation)\,18.0,_Timestep_00010,_20231130\,SYS_03_(Preload_deformation)\18_Timestep_00010_20231130\Surface_00_Deformation.txt,VNIR,1.0,on-axis,15.0,3.0,4.0,0.002346322979803104
165,1100,nominal,SYS_03_(Preload_deformation)\,22.0,_Timestep_00011,_20231130\,SYS_03_(Preload_deformation)\22_Timestep_00011_20231130\Surface_00_Deformation.txt,VNIR,1.0,on-axis,1.0,3.0,4.0,-0.5588544710538074
166,1100,nominal,SYS_03_(Preload_deformation)\,22.0,_Timestep_00011,_20231130\,SYS_03_(Preload_deformation)\22_Timestep_00011_20231130\Surface_00_Deformation.txt,VNIR,1.0,on-axis,2.0,3.0,4.0,0.0014221689010259244
167,1100,nominal,SYS_03_(Preload_deformation)\,22.0,_Timestep_00011,_20231130\,SYS_03_(Preload_deformation)\22_Timestep_00011_20231130\Surface_00_Deformation.txt,VNIR,1.0,on-axis,3.0,3.0,4.0,-0.0027885100291117895
168,1100,nominal,SYS_03_(Preload_deformation)\,22.0,_Timestep_00011,_20231130\,SYS_03_(Preload_deformation)\22_Timestep_00011_20231130\Surface_00_Deformation.txt,VNIR,1.0,on-axis,4.0,3.0,4.0,-0.1510937818260579
169,1100,nominal,SYS_03_(Preload_deformation)\,22.0,_Timestep_00011,_20231130\,SYS_03_(Preload_deformation)\22_Timestep_00011_20231130\Surface_00_Deformation.txt,VNIR,1.0,on-axis,5.0,3.0,4.0,-0.04590656201986139
170,1100,nominal,SYS_03_(Preload_deformation)\,22.0,_Timestep_00011,_20231130\,SYS_03_(Preload_deformation)\22_Timestep_00011_20231130\Surface_00_Deformation.txt,VNIR,1.0,on-axis,6.0,3.0,4.0,0.1357146821481051
171,1100,nominal,SYS_03_(Preload_deformation)\,22.0,_Timestep_00011,_20231130\,SYS_03_(Preload_deformation)\22_Timestep_00011_20231130\Surface_00_Deformation.txt,VNIR,1.0,on-axis,7.0,3.0,4.0,0.0009230161941210307
172,1100,nominal,SYS_03_(Preload_deformation)\,22.0,_Timestep_00011,_20231130\,SYS_03_(Preload_deformation)\22_Timestep_00011_20231130\Surface_00_Deformation.txt,VNIR,1.0,on-axis,8.0,3.0,4.0,0.0002620606694960916
173,1100,nominal,SYS_03_(Preload_deformation)\,22.0,_Timestep_00011,_20231130\,SYS_03_(Preload_deformation)\22_Timestep_00011_20231130\Surface_00_Deformation.txt,VNIR,1.0,on-axis,9.0,3.0,4.0,-0.027634770534177913
174,1100,nominal,SYS_03_(Preload_deformation)\,22.0,_Timestep_00011,_20231130\,SYS_03_(Preload_deformation)\22_Timestep_00011_20231130\Surface_00_Deformation.txt,VNIR,1.0,on-axis,10.0,3.0,4.0,0.0008662693978930315
175,1100,nominal,SYS_03_(Preload_deformation)\,22.0,_Timestep_00011,_20231130\,SYS_03_(Preload_deformation)\22_Timestep_00011_20231130\Surface_00_Deformation.txt,VNIR,1.0,on-axis,11.0,3.0,4.0,0.03844207052263711
176,1100,nominal,SYS_03_(Preload_deformation)\,22.0,_Timestep_00011,_20231130\,SYS_03_(Preload_deformation)\22_Timestep_00011_20231130\Surface_00_Deformation.txt,VNIR,1.0,on-axis,12.0,3.0,4.0,-0.015661246484719775
177,1100,nominal,SYS_03_(Preload_deformation)\,22.0,_Timestep_00011,_20231130\,SYS_03_(Preload_deformation)\22_Timestep_00011_20231130\Surface_00_Deformation.txt,VNIR,1.0,on-axis,13.0,3.0,4.0,0.0053096045043826146
178,1100,nominal,SYS_03_(Preload_deformation)\,22.0,_Timestep_00011,_20231130\,SYS_03_(Preload_deformation)\22_Timestep_00011_20231130\Surface_00_Deformation.txt,VNIR,1.0,on-axis,14.0,3.0,4.0,-0.005769452820694919
179,1100,nominal,SYS_03_(Preload_deformation)\,22.0,_Timestep_00011,_20231130\,SYS_03_(Preload_deformation)\22_Timestep_00011_20231130\Surface_00_Deformation.txt,VNIR,1.0,on-axis,15.0,3.0,4.0,0.0023950002970810737
180,1200,nominal,SYS_03_(Preload_deformation)\,26.0,_Timestep_00012,_20231130\,SYS_03_(Preload_deformation)\26_Timestep_00012_20231130\Surface_00_Deformation.txt,VNIR,1.0,on-axis,1.0,3.0,4.0,-0.5968044111961234
181,1200,nominal,SYS_03_(Preload_deformation)\,26.0,_Timestep_00012,_20231130\,SYS_03_(Preload_deformation)\26_Timestep_00012_20231130\Surface_00_Deformation.txt,VNIR,1.0,on-axis,2.0,3.0,4.0,0.0014435047701230146
182,1200,nominal,SYS_03_(Preload_deformation)\,26.0,_Timestep_00012,_20231130\,SYS_03_(Preload_deformation)\26_Timestep_00012_20231130\Surface_00_Deformation.txt,VNIR,1.0,on-axis,3.0,3.0,4.0,-0.002670843397727931
183,1200,nominal,SYS_03_(Preload_deformation)\,26.0,_Timestep_00012,_20231130\,SYS_03_(Preload_deformation)\26_Timestep_00012_20231130\Surface_00_Deformation.txt,VNIR,1.0,on-axis,4.0,3.0,4.0,-0.16304902764011317
184,1200,nominal,SYS_03_(Preload_deformation)\,26.0,_Timestep_00012,_20231130\,SYS_03_(Preload_deformation)\26_Timestep_00012_20231130\Surface_00_Deformation.txt,VNIR,1.0,on-axis,5.0,3.0,4.0,-0.04199512762479874
185,1200,nominal,SYS_03_(Preload_deformation)\,26.0,_Timestep_00012,_20231130\,SYS_03_(Preload_deformation)\26_Timestep_00012_20231130\Surface_00_Deformation.txt,VNIR,1.0,on-axis,6.0,3.0,4.0,0.13942020051319937
186,1200,nominal,SYS_03_(Preload_deformation)\,26.0,_Timestep_00012,_20231130\,SYS_03_(Preload_deformation)\26_Timestep_00012_20231130\Surface_00_Deformation.txt,VNIR,1.0,on-axis,7.0,3.0,4.0,0.0009505959694597533
187,1200,nominal,SYS_03_(Preload_deformation)\,26.0,_Timestep_00012,_20231130\,SYS_03_(Preload_deformation)\26_Timestep_00012_20231130\Surface_00_Deformation.txt,VNIR,1.0,on-axis,8.0,3.0,4.0,0.00026491672987984143
188,1200,nominal,SYS_03_(Preload_deformation)\,26.0,_Timestep_00012,_20231130\,SYS_03_(Preload_deformation)\26_Timestep_00012_20231130\Surface_00_Deformation.txt,VNIR,1.0,on-axis,9.0,3.0,4.0,-0.028145685154698535
189,1200,nominal,SYS_03_(Preload_deformation)\,26.0,_Timestep_00012,_20231130\,SYS_03_(Preload_deformation)\26_Timestep_00012_20231130\Surface_00_Deformation.txt,VNIR,1.0,on-axis,10.0,3.0,4.0,0.0008253856688658725
190,1200,nominal,SYS_03_(Preload_deformation)\,26.0,_Timestep_00012,_20231130\,SYS_03_(Preload_deformation)\26_Timestep_00012_20231130\Surface_00_Deformation.txt,VNIR,1.0,on-axis,11.0,3.0,4.0,0.04184099339153386
191,1200,nominal,SYS_03_(Preload_deformation)\,26.0,_Timestep_00012,_20231130\,SYS_03_(Preload_deformation)\26_Timestep_00012_20231130\Surface_00_Deformation.txt,VNIR,1.0,on-axis,12.0,3.0,4.0,-0.016111777849456794
192,1200,nominal,SYS_03_(Preload_deformation)\,26.0,_Timestep_00012,_20231130\,SYS_03_(Preload_deformation)\26_Timestep_00012_20231130\Surface_00_Deformation.txt,VNIR,1.0,on-axis,13.0,3.0,4.0,0.004863090281110215
193,1200,nominal,SYS_03_(Preload_deformation)\,26.0,_Timestep_00012,_20231130\,SYS_03_(Preload_deformation)\26_Timestep_00012_20231130\Surface_00_Deformation.txt,VNIR,1.0,on-axis,14.0,3.0,4.0,-0.006258189311768272
194,1200,nominal,SYS_03_(Preload_deformation)\,26.0,_Timestep_00012,_20231130\,SYS_03_(Preload_deformation)\26_Timestep_00012_20231130\Surface_00_Deformation.txt,VNIR,1.0,on-axis,15.0,3.0,4.0,0.0023913593518527184
195,1300,nominal,SYS_03_(Preload_deformation)\,30.0,_Timestep_00013,_20231130\,SYS_03_(Preload_deformation)\30_Timestep_00013_20231130\Surface_00_Deformation.txt,VNIR,1.0,on-axis,1.0,3.0,4.0,-0.6346309346096917
196,1300,nominal,SYS_03_(Preload_deformation)\,30.0,_Timestep_00013,_20231130\,SYS_03_(Preload_deformation)\30_Timestep_00013_20231130\Surface_00_Deformation.txt,VNIR,1.0,on-axis,2.0,3.0,4.0,0.0014776845661737968
197,1300,nominal,SYS_03_(Preload_deformation)\,30.0,_Timestep_00013,_20231130\,SYS_03_(Preload_deformation)\30_Timestep_00013_20231130\Surface_00_Deformation.txt,VNIR,1.0,on-axis,3.0,3.0,4.0,-0.0026112467647449876
198,1300,nominal,SYS_03_(Preload_deformation)\,30.0,_Timestep_00013,_20231130\,SYS_03_(Preload_deformation)\30_Timestep_00013_20231130\Surface_00_Deformation.txt,VNIR,1.0,on-axis,4.0,3.0,4.0,-0.17495762531935666
199,1300,nominal,SYS_03_(Preload_deformation)\,30.0,_Timestep_00013,_20231130\,SYS_03_(Preload_deformation)\30_Timestep_00013_20231130\Surface_00_Deformation.txt,VNIR,1.0,on-axis,5.0,3.0,4.0,-0.038599312422963716
200,1300,nominal,SYS_03_(Preload_deformation)\,30.0,_Timestep_00013,_20231130\,SYS_03_(Preload_deformation)\30_Timestep_00013_20231130\Surface_00_Deformation.txt,VNIR,1.0,on-axis,6.0,3.0,4.0,0.14262473305135873
201,1300,nominal,SYS_03_(Preload_deformation)\,30.0,_Timestep_00013,_20231130\,SYS_03_(Preload_deformation)\30_Timestep_00013_20231130\Surface_00_Deformation.txt,VNIR,1.0,on-axis,7.0,3.0,4.0,0.0009673361491511465
202,1300,nominal,SYS_03_(Preload_deformation)\,30.0,_Timestep_00013,_20231130\,SYS_03_(Preload_deformation)\30_Timestep_00013_20231130\Surface_00_Deformation.txt,VNIR,1.0,on-axis,8.0,3.0,4.0,0.0002745711295500512
203,1300,nominal,SYS_03_(Preload_deformation)\,30.0,_Timestep_00013,_20231130\,SYS_03_(Preload_deformation)\30_Timestep_00013_20231130\Surface_00_Deformation.txt,VNIR,1.0,on-axis,9.0,3.0,4.0,-0.02857829540041683
204,1300,nominal,SYS_03_(Preload_deformation)\,30.0,_Timestep_00013,_20231130\,SYS_03_(Preload_deformation)\30_Timestep_00013_20231130\Surface_00_Deformation.txt,VNIR,1.0,on-axis,10.0,3.0,4.0,0.00099021244673761
205,1300,nominal,SYS_03_(Preload_deformation)\,30.0,_Timestep_00013,_20231130\,SYS_03_(Preload_deformation)\30_Timestep_00013_20231130\Surface_00_Deformation.txt,VNIR,1.0,on-axis,11.0,3.0,4.0,0.045228317043317263
206,1300,nominal,SYS_03_(Preload_deformation)\,30.0,_Timestep_00013,_20231130\,SYS_03_(Preload_deformation)\30_Timestep_00013_20231130\Surface_00_Deformation.txt,VNIR,1.0,on-axis,12.0,3.0,4.0,-0.016503076608434114
207,1300,nominal,SYS_03_(Preload_deformation)\,30.0,_Timestep_00013,_20231130\,SYS_03_(Preload_deformation)\30_Timestep_00013_20231130\Surface_00_Deformation.txt,VNIR,1.0,on-axis,13.0,3.0,4.0,0.004474708942422434
208,1300,nominal,SYS_03_(Preload_deformation)\,30.0,_Timestep_00013,_20231130\,SYS_03_(Preload_deformation)\30_Timestep_00013_20231130\Surface_00_Deformation.txt,VNIR,1.0,on-axis,14.0,3.0,4.0,-0.00674310540353041
209,1300,nominal,SYS_03_(Preload_deformation)\,30.0,_Timestep_00013,_20231130\,SYS_03_(Preload_deformation)\30_Timestep_00013_20231130\Surface_00_Deformation.txt,VNIR,1.0,on-axis,15.0,3.0,4.0,0.002337620004846325
210,1400,nominal,SYS_03_(Preload_deformation)\,34.0,_Timestep_00014,_20231130\,SYS_03_(Preload_deformation)\34_Timestep_00014_20231130\Surface_00_Deformation.txt,VNIR,1.0,on-axis,1.0,3.0,4.0,-0.6724399499943021
211,1400,nominal,SYS_03_(Preload_deformation)\,34.0,_Timestep_00014,_20231130\,SYS_03_(Preload_deformation)\34_Timestep_00014_20231130\Surface_00_Deformation.txt,VNIR,1.0,on-axis,2.0,3.0,4.0,0.0016173764733469727
212,1400,nominal,SYS_03_(Preload_deformation)\,34.0,_Timestep_00014,_20231130\,SYS_03_(Preload_deformation)\34_Timestep_00014_20231130\Surface_00_Deformation.txt,VNIR,1.0,on-axis,3.0,3.0,4.0,-0.0025749886307811108
213,1400,nominal,SYS_03_(Preload_deformation)\,34.0,_Timestep_00014,_20231130\,SYS_03_(Preload_deformation)\34_Timestep_00014_20231130\Surface_00_Deformation.txt,VNIR,1.0,on-axis,4.0,3.0,4.0,-0.18685962714751497
214,1400,nominal,SYS_03_(Preload_deformation)\,34.0,_Timestep_00014,_20231130\,SYS_03_(Preload_deformation)\34_Timestep_00014_20231130\Surface_00_Deformation.txt,VNIR,1.0,on-axis,5.0,3.0,4.0,-0.03529328959102847
215,1400,nominal,SYS_03_(Preload_deformation)\,34.0,_Timestep_00014,_20231130\,SYS_03_(Preload_deformation)\34_Timestep_00014_20231130\Surface_00_Deformation.txt,VNIR,1.0,on-axis,6.0,3.0,4.0,0.1466299248495217
216,1400,nominal,SYS_03_(Preload_deformation)\,34.0,_Timestep_00014,_20231130\,SYS_03_(Preload_deformation)\34_Timestep_00014_20231130\Surface_00_Deformation.txt,VNIR,1.0,on-axis,7.0,3.0,4.0,0.000966600166274726
217,1400,nominal,SYS_03_(Preload_deformation)\,34.0,_Timestep_00014,_20231130\,SYS_03_(Preload_deformation)\34_Timestep_00014_20231130\Surface_00_Deformation.txt,VNIR,1.0,on-axis,8.0,3.0,4.0,0.0002881630075697181
218,1400,nominal,SYS_03_(Preload_deformation)\,34.0,_Timestep_00014,_20231130\,SYS_03_(Preload_deformation)\34_Timestep_00014_20231130\Surface_00_Deformation.txt,VNIR,1.0,on-axis,9.0,3.0,4.0,-0.028639851417297975
219,1400,nominal,SYS_03_(Preload_deformation)\,34.0,_Timestep_00014,_20231130\,SYS_03_(Preload_deformation)\34_Timestep_00014_20231130\Surface_00_Deformation.txt,VNIR,1.0,on-axis,10.0,3.0,4.0,0.0008697932740466469
220,1400,nominal,SYS_03_(Preload_deformation)\,34.0,_Timestep_00014,_20231130\,SYS_03_(Preload_deformation)\34_Timestep_00014_20231130\Surface_00_Deformation.txt,VNIR,1.0,on-axis,11.0,3.0,4.0,0.04861450972455439
221,1400,nominal,SYS_03_(Preload_deformation)\,34.0,_Timestep_00014,_20231130\,SYS_03_(Preload_deformation)\34_Timestep_00014_20231130\Surface_00_Deformation.txt,VNIR,1.0,on-axis,12.0,3.0,4.0,-0.016983041447006988
222,1400,nominal,SYS_03_(Preload_deformation)\,34.0,_Timestep_00014,_20231130\,SYS_03_(Preload_deformation)\34_Timestep_00014_20231130\Surface_00_Deformation.txt,VNIR,1.0,on-axis,13.0,3.0,4.0,0.004096022095792836
223,1400,nominal,SYS_03_(Preload_deformation)\,34.0,_Timestep_00014,_20231130\,SYS_03_(Preload_deformation)\34_Timestep_00014_20231130\Surface_00_Deformation.txt,VNIR,1.0,on-axis,14.0,3.0,4.0,-0.007271005362411115
224,1400,nominal,SYS_03_(Preload_deformation)\,34.0,_Timestep_00014,_20231130\,SYS_03_(Preload_deformation)\34_Timestep_00014_20231130\Surface_00_Deformation.txt,VNIR,1.0,on-axis,15.0,3.0,4.0,0.0021861852819102133
225,1500,nominal,SYS_03_(Preload_deformation)\,38.0,_Timestep_00015,_20231130\,SYS_03_(Preload_deformation)\38_Timestep_00015_20231130\Surface_00_Deformation.txt,VNIR,1.0,on-axis,1.0,3.0,4.0,-0.7102846570048873
226,1500,nominal,SYS_03_(Preload_deformation)\,38.0,_Timestep_00015,_20231130\,SYS_03_(Preload_deformation)\38_Timestep_00015_20231130\Surface_00_Deformation.txt,VNIR,1.0,on-axis,2.0,3.0,4.0,0.0016567544593433373
227,1500,nominal,SYS_03_(Preload_deformation)\,38.0,_Timestep_00015,_20231130\,SYS_03_(Preload_deformation)\38_Timestep_00015_20231130\Surface_00_Deformation.txt,VNIR,1.0,on-axis,3.0,3.0,4.0,-0.002434350933232728
228,1500,nominal,SYS_03_(Preload_deformation)\,38.0,_Timestep_00015,_20231130\,SYS_03_(Preload_deformation)\38_Timestep_00015_20231130\Surface_00_Deformation.txt,VNIR,1.0,on-axis,4.0,3.0,4.0,-0.19876527811945524
229,1500,nominal,SYS_03_(Preload_deformation)\,38.0,_Timestep_00015,_20231130\,SYS_03_(Preload_deformation)\38_Timestep_00015_20231130\Surface_00_Deformation.txt,VNIR,1.0,on-axis,5.0,3.0,4.0,-0.0335724494643343
230,1500,nominal,SYS_03_(Preload_deformation)\,38.0,_Timestep_00015,_20231130\,SYS_03_(Preload_deformation)\38_Timestep_00015_20231130\Surface_00_Deformation.txt,VNIR,1.0,on-axis,6.0,3.0,4.0,0.14981398872925475
231,1500,nominal,SYS_03_(Preload_deformation)\,38.0,_Timestep_00015,_20231130\,SYS_03_(Preload_deformation)\38_Timestep_00015_20231130\Surface_00_Deformation.txt,VNIR,1.0,on-axis,7.0,3.0,4.0,0.0009620436630034867
232,1500,nominal,SYS_03_(Preload_deformation)\,38.0,_Timestep_00015,_20231130\,SYS_03_(Preload_deformation)\38_Timestep_00015_20231130\Surface_00_Deformation.txt,VNIR,1.0,on-axis,8.0,3.0,4.0,0.0002894127216017953
233,1500,nominal,SYS_03_(Preload_deformation)\,38.0,_Timestep_00015,_20231130\,SYS_03_(Preload_deformation)\38_Timestep_00015_20231130\Surface_00_Deformation.txt,VNIR,1.0,on-axis,9.0,3.0,4.0,-0.028370760061117488
234,1500,nominal,SYS_03_(Preload_deformation)\,38.0,_Timestep_00015,_20231130\,SYS_03_(Preload_deformation)\38_Timestep_00015_20231130\Surface_00_Deformation.txt,VNIR,1.0,on-axis,10.0,3.0,4.0,0.0008109811692800762
235,1500,nominal,SYS_03_(Preload_deformation)\,38.0,_Timestep_00015,_20231130\,SYS_03_(Preload_deformation)\38_Timestep_00015_20231130\Surface_00_Deformation.txt,VNIR,1.0,on-axis,11.0,3.0,4.0,0.05200045172068983
236,1500,nominal,SYS_03_(Preload_deformation)\,38.0,_Timestep_00015,_20231130\,SYS_03_(Preload_deformation)\38_Timestep_00015_20231130\Surface_00_Deformation.txt,VNIR,1.0,on-axis,12.0,3.0,4.0,-0.017366052527567784
237,1500,nominal,SYS_03_(Preload_deformation)\,38.0,_Timestep_00015,_20231130\,SYS_03_(Preload_deformation)\38_Timestep_00015_20231130\Surface_00_Deformation.txt,VNIR,1.0,on-axis,13.0,3.0,4.0,0.003900875035496669
238,1500,nominal,SYS_03_(Preload_deformation)\,38.0,_Timestep_00015,_20231130\,SYS_03_(Preload_deformation)\38_Timestep_00015_20231130\Surface_00_Deformation.txt,VNIR,1.0,on-axis,14.0,3.0,4.0,-0.007731312552469087
239,1500,nominal,SYS_03_(Preload_deformation)\,38.0,_Timestep_00015,_20231130\,SYS_03_(Preload_deformation)\38_Timestep_00015_20231130\Surface_00_Deformation.txt,VNIR,1.0,on-axis,15.0,3.0,4.0,0.0019524563778534113
240,1600,nominal,SYS_03_(Preload_deformation)\,42.0,_Timestep_00016,_20231130\,SYS_03_(Preload_deformation)\42_Timestep_00016_20231130\Surface_00_Deformation.txt,VNIR,1.0,on-axis,1.0,3.0,4.0,-0.7481602896226603
241,1600,nominal,SYS_03_(Preload_deformation)\,42.0,_Timestep_00016,_20231130\,SYS_03_(Preload_deformation)\42_Timestep_00016_20231130\Surface_00_Deformation.txt,VNIR,1.0,on-axis,2.0,3.0,4.0,0.0015620819911920671
242,1600,nominal,SYS_03_(Preload_deformation)\,42.0,_Timestep_00016,_20231130\,SYS_03_(Preload_deformation)\42_Timestep_00016_20231130\Surface_00_Deformation.txt,VNIR,1.0,on-axis,3.0,3.0,4.0,-0.0020482897075616594
243,1600,nominal,SYS_03_(Preload_deformation)\,42.0,_Timestep_00016,_20231130\,SYS_03_(Preload_deformation)\42_Timestep_00016_20231130\Surface_00_Deformation.txt,VNIR,1.0,on-axis,4.0,3.0,4.0,-0.21066887935259623
244,1600,nominal,SYS_03_(Preload_deformation)\,42.0,_Timestep_00016,_20231130\,SYS_03_(Preload_deformation)\42_Timestep_00016_20231130\Surface_00_Deformation.txt,VNIR,1.0,on-axis,5.0,3.0,4.0,-0.031289582611053864
245,1600,nominal,SYS_03_(Preload_deformation)\,42.0,_Timestep_00016,_20231130\,SYS_03_(Preload_deformation)\42_Timestep_00016_20231130\Surface_00_Deformation.txt,VNIR,1.0,on-axis,6.0,3.0,4.0,0.15283319613388324
246,1600,nominal,SYS_03_(Preload_deformation)\,42.0,_Timestep_00016,_20231130\,SYS_03_(Preload_deformation)\42_Timestep_00016_20231130\Surface_00_Deformation.txt,VNIR,1.0,on-axis,7.0,3.0,4.0,0.0009700380931224424
247,1600,nominal,SYS_03_(Preload_deformation)\,42.0,_Timestep_00016,_20231130\,SYS_03_(Preload_deformation)\42_Timestep_00016_20231130\Surface_00_Deformation.txt,VNIR,1.0,on-axis,8.0,3.0,4.0,0.0002782211233652298
248,1600,nominal,SYS_03_(Preload_deformation)\,42.0,_Timestep_00016,_20231130\,SYS_03_(Preload_deformation)\42_Timestep_00016_20231130\Surface_00_Deformation.txt,VNIR,1.0,on-axis,9.0,3.0,4.0,-0.027503347955062346
249,1600,nominal,SYS_03_(Preload_deformation)\,42.0,_Timestep_00016,_20231130\,SYS_03_(Preload_deformation)\42_Timestep_00016_20231130\Surface_00_Deformation.txt,VNIR,1.0,on-axis,10.0,3.0,4.0,0.0007913013108291632
250,1600,nominal,SYS_03_(Preload_deformation)\,42.0,_Timestep_00016,_20231130\,SYS_03_(Preload_deformation)\42_Timestep_00016_20231130\Surface_00_Deformation.txt,VNIR,1.0,on-axis,11.0,3.0,4.0,0.05538549773565414
251,1600,nominal,SYS_03_(Preload_deformation)\,42.0,_Timestep_00016,_20231130\,SYS_03_(Preload_deformation)\42_Timestep_00016_20231130\Surface_00_Deformation.txt,VNIR,1.0,on-axis,12.0,3.0,4.0,-0.01772884796483475
252,1600,nominal,SYS_03_(Preload_deformation)\,42.0,_Timestep_00016,_20231130\,SYS_03_(Preload_deformation)\42_Timestep_00016_20231130\Surface_00_Deformation.txt,VNIR,1.0,on-axis,13.0,3.0,4.0,0.003639437488166768
253,1600,nominal,SYS_03_(Preload_deformation)\,42.0,_Timestep_00016,_20231130\,SYS_03_(Preload_deformation)\42_Timestep_00016_20231130\Surface_00_Deformation.txt,VNIR,1.0,on-axis,14.0,3.0,4.0,-0.008096479369027132
254,1600,nominal,SYS_03_(Preload_deformation)\,42.0,_Timestep_00016,_20231130\,SYS_03_(Preload_deformation)\42_Timestep_00016_20231130\Surface_00_Deformation.txt,VNIR,1.0,on-axis,15.0,3.0,4.0,0.0018386795427253809
255,1700,nominal,SYS_03_(Preload_deformation)\,46.0,_Timestep_00017,_20231130\,SYS_03_(Preload_deformation)\46_Timestep_00017_20231130\Surface_00_Deformation.txt,VNIR,1.0,on-axis,1.0,3.0,4.0,-0.7860019266313447
256,1700,nominal,SYS_03_(Preload_deformation)\,46.0,_Timestep_00017,_20231130\,SYS_03_(Preload_deformation)\46_Timestep_00017_20231130\Surface_00_Deformation.txt,VNIR,1.0,on-axis,2.0,3.0,4.0,0.0015025469034184084
257,1700,nominal,SYS_03_(Preload_deformation)\,46.0,_Timestep_00017,_20231130\,SYS_03_(Preload_deformation)\46_Timestep_00017_20231130\Surface_00_Deformation.txt,VNIR,1.0,on-axis,3.0,3.0,4.0,-0.001682361923894168
258,1700,nominal,SYS_03_(Preload_deformation)\,46.0,_Timestep_00017,_20231130\,SYS_03_(Preload_deformation)\46_Timestep_00017_20231130\Surface_00_Deformation.txt,VNIR,1.0,on-axis,4.0,3.0,4.0,-0.22256007684949813
259,1700,nominal,SYS_03_(Preload_deformation)\,46.0,_Timestep_00017,_20231130\,SYS_03_(Preload_deformation)\46_Timestep_00017_20231130\Surface_00_Deformation.txt,VNIR,1.0,on-axis,5.0,3.0,4.0,-0.02895511449404335
260,1700,nominal,SYS_03_(Preload_deformation)\,46.0,_Timestep_00017,_20231130\,SYS_03_(Preload_deformation)\46_Timestep_00017_20231130\Surface_00_Deformation.txt,VNIR,1.0,on-axis,6.0,3.0,4.0,0.15561721064038966
261,1700,nominal,SYS_03_(Preload_deformation)\,46.0,_Timestep_00017,_20231130\,SYS_03_(Preload_deformation)\46_Timestep_00017_20231130\Surface_00_Deformation.txt,VNIR,1.0,on-axis,7.0,3.0,4.0,0.0009690651477759676
262,1700,nominal,SYS_03_(Preload_deformation)\,46.0,_Timestep_00017,_20231130\,SYS_03_(Preload_deformation)\46_Timestep_00017_20231130\Surface_00_Deformation.txt,VNIR,1.0,on-axis,8.0,3.0,4.0,0.00027450438928308554
263,1700,nominal,SYS_03_(Preload_deformation)\,46.0,_Timestep_00017,_20231130\,SYS_03_(Preload_deformation)\46_Timestep_00017_20231130\Surface_00_Deformation.txt,VNIR,1.0,on-axis,9.0,3.0,4.0,-0.026742170483695385
264,1700,nominal,SYS_03_(Preload_deformation)\,46.0,_Timestep_00017,_20231130\,SYS_03_(Preload_deformation)\46_Timestep_00017_20231130\Surface_00_Deformation.txt,VNIR,1.0,on-axis,10.0,3.0,4.0,0.0007387373223030173
265,1700,nominal,SYS_03_(Preload_deformation)\,46.0,_Timestep_00017,_20231130\,SYS_03_(Preload_deformation)\46_Timestep_00017_20231130\Surface_00_Deformation.txt,VNIR,1.0,on-axis,11.0,3.0,4.0,0.05876659267755501
266,1700,nominal,SYS_03_(Preload_deformation)\,46.0,_Timestep_00017,_20231130\,SYS_03_(Preload_deformation)\46_Timestep_00017_20231130\Surface_00_Deformation.txt,VNIR,1.0,on-axis,12.0,3.0,4.0,-0.01806391428196384
267,1700,nominal,SYS_03_(Preload_deformation)\,46.0,_Timestep_00017,_20231130\,SYS_03_(Preload_deformation)\46_Timestep_00017_20231130\Surface_00_Deformation.txt,VNIR,1.0,on-axis,13.0,3.0,4.0,0.0033718638728480305
268,1700,nominal,SYS_03_(Preload_deformation)\,46.0,_Timestep_00017,_20231130\,SYS_03_(Preload_deformation)\46_Timestep_00017_20231130\Surface_00_Deformation.txt,VNIR,1.0,on-axis,14.0,3.0,4.0,-0.008459240468197122
269,1700,nominal,SYS_03_(Preload_deformation)\,46.0,_Timestep_00017,_20231130\,SYS_03_(Preload_deformation)\46_Timestep_00017_20231130\Surface_00_Deformation.txt,VNIR,1.0,on-axis,15.0,3.0,4.0,0.0017444184609046005
270,1800,nominal,SYS_03_(Preload_deformation)\,50.0,_Timestep_00018,_20231130\,SYS_03_(Preload_deformation)\50_Timestep_00018_20231130\Surface_00_Deformation.txt,VNIR,1.0,on-axis,1.0,3.0,4.0,-0.8238421429256574
271,1800,nominal,SYS_03_(Preload_deformation)\,50.0,_Timestep_00018,_20231130\,SYS_03_(Preload_deformation)\50_Timestep_00018_20231130\Surface_00_Deformation.txt,VNIR,1.0,on-axis,2.0,3.0,4.0,0.0014395827056292916
272,1800,nominal,SYS_03_(Preload_deformation)\,50.0,_Timestep_00018,_20231130\,SYS_03_(Preload_deformation)\50_Timestep_00018_20231130\Surface_00_Deformation.txt,VNIR,1.0,on-axis,3.0,3.0,4.0,-0.0014397793105651356
273,1800,nominal,SYS_03_(Preload_deformation)\,50.0,_Timestep_00018,_20231130\,SYS_03_(Preload_deformation)\50_Timestep_00018_20231130\Surface_00_Deformation.txt,VNIR,1.0,on-axis,4.0,3.0,4.0,-0.23444967054597646
274,1800,nominal,SYS_03_(Preload_deformation)\,50.0,_Timestep_00018,_20231130\,SYS_03_(Preload_deformation)\50_Timestep_00018_20231130\Surface_00_Deformation.txt,VNIR,1.0,on-axis,5.0,3.0,4.0,-0.027243775592652765
275,1800,nominal,SYS_03_(Preload_deformation)\,50.0,_Timestep_00018,_20231130\,SYS_03_(Preload_deformation)\50_Timestep_00018_20231130\Surface_00_Deformation.txt,VNIR,1.0,on-axis,6.0,3.0,4.0,0.15915423268291848
276,1800,nominal,SYS_03_(Preload_deformation)\,50.0,_Timestep_00018,_20231130\,SYS_03_(Preload_deformation)\50_Timestep_00018_20231130\Surface_00_Deformation.txt,VNIR,1.0,on-axis,7.0,3.0,4.0,0.0009607538437989263
277,1800,nominal,SYS_03_(Preload_deformation)\,50.0,_Timestep_00018,_20231130\,SYS_03_(Preload_deformation)\50_Timestep_00018_20231130\Surface_00_Deformation.txt,VNIR,1.0,on-axis,8.0,3.0,4.0,0.0002725552371423892
278,1800,nominal,SYS_03_(Preload_deformation)\,50.0,_Timestep_00018,_20231130\,SYS_03_(Preload_deformation)\50_Timestep_00018_20231130\Surface_00_Deformation.txt,VNIR,1.0,on-axis,9.0,3.0,4.0,-0.02590836909316224
279,1800,nominal,SYS_03_(Preload_deformation)\,50.0,_Timestep_00018,_20231130\,SYS_03_(Preload_deformation)\50_Timestep_00018_20231130\Surface_00_Deformation.txt,VNIR,1.0,on-axis,10.0,3.0,4.0,0.0008600383098053975
280,1800,nominal,SYS_03_(Preload_deformation)\,50.0,_Timestep_00018,_20231130\,SYS_03_(Preload_deformation)\50_Timestep_00018_20231130\Surface_00_Deformation.txt,VNIR,1.0,on-axis,11.0,3.0,4.0,0.06214787822276837
281,1800,nominal,SYS_03_(Preload_deformation)\,50.0,_Timestep_00018,_20231130\,SYS_03_(Preload_deformation)\50_Timestep_00018_20231130\Surface_00_Deformation.txt,VNIR,1.0,on-axis,12.0,3.0,4.0,-0.01848517677141129
282,1800,nominal,SYS_03_(Preload_deformation)\,50.0,_Timestep_00018,_20231130\,SYS_03_(Preload_deformation)\50_Timestep_00018_20231130\Surface_00_Deformation.txt,VNIR,1.0,on-axis,13.0,3.0,4.0,0.003175841324456012
283,1800,nominal,SYS_03_(Preload_deformation)\,50.0,_Timestep_00018,_20231130\,SYS_03_(Preload_deformation)\50_Timestep_00018_20231130\Surface_00_Deformation.txt,VNIR,1.0,on-axis,14.0,3.0,4.0,-0.008834510221599355
284,1800,nominal,SYS_03_(Preload_deformation)\,50.0,_Timestep_00018,_20231130\,SYS_03_(Preload_deformation)\50_Timestep_00018_20231130\Surface_00_Deformation.txt,VNIR,1.0,on-axis,15.0,3.0,4.0,0.001706749080627187
285,1900,nominal,SYS_03_(Preload_deformation)\,54.0,_Timestep_00019,_20231130\,SYS_03_(Preload_deformation)\54_Timestep_00019_20231130\Surface_00_Deformation.txt,VNIR,1.0,on-axis,1.0,3.0,4.0,-0.8617129737983599
286,1900,nominal,SYS_03_(Preload_deformation)\,54.0,_Timestep_00019,_20231130\,SYS_03_(Preload_deformation)\54_Timestep_00019_20231130\Surface_00_Deformation.txt,VNIR,1.0,on-axis,2.0,3.0,4.0,0.001503724962963859
287,1900,nominal,SYS_03_(Preload_deformation)\,54.0,_Timestep_00019,_20231130\,SYS_03_(Preload_deformation)\54_Timestep_00019_20231130\Surface_00_Deformation.txt,VNIR,1.0,on-axis,3.0,3.0,4.0,-0.0011193269796281086
288,1900,nominal,SYS_03_(Preload_deformation)\,54.0,_Timestep_00019,_20231130\,SYS_03_(Preload_deformation)\54_Timestep_00019_20231130\Surface_00_Deformation.txt,VNIR,1.0,on-axis,4.0,3.0,4.0,-0.24634081070705535
289,1900,nominal,SYS_03_(Preload_deformation)\,54.0,_Timestep_00019,_20231130\,SYS_03_(Preload_deformation)\54_Timestep_00019_20231130\Surface_00_Deformation.txt,VNIR,1.0,on-axis,5.0,3.0,4.0,-0.027164345980306127
290,1900,nominal,SYS_03_(Preload_deformation)\,54.0,_Timestep_00019,_20231130\,SYS_03_(Preload_deformation)\54_Timestep_00019_20231130\Surface_00_Deformation.txt,VNIR,1.0,on-axis,6.0,3.0,4.0,0.16353479038939625
291,1900,nominal,SYS_03_(Preload_deformation)\,54.0,_Timestep_00019,_20231130\,SYS_03_(Preload_deformation)\54_Timestep_00019_20231130\Surface_00_Deformation.txt,VNIR,1.0,on-axis,7.0,3.0,4.0,0.0009559664441211209
292,1900,nominal,SYS_03_(Preload_deformation)\,54.0,_Timestep_00019,_20231130\,SYS_03_(Preload_deformation)\54_Timestep_00019_20231130\Surface_00_Deformation.txt,VNIR,1.0,on-axis,8.0,3.0,4.0,0.0002814717718477934
293,1900,nominal,SYS_03_(Preload_deformation)\,54.0,_Timestep_00019,_20231130\,SYS_03_(Preload_deformation)\54_Timestep_00019_20231130\Surface_00_Deformation.txt,VNIR,1.0,on-axis,9.0,3.0,4.0,-0.025001283414131856
294,1900,nominal,SYS_03_(Preload_deformation)\,54.0,_Timestep_00019,_20231130\,SYS_03_(Preload_deformation)\54_Timestep_00019_20231130\Surface_00_Deformation.txt,VNIR,1.0,on-axis,10.0,3.0,4.0,0.0008961084134393991
295,1900,nominal,SYS_03_(Preload_deformation)\,54.0,_Timestep_00019,_20231130\,SYS_03_(Preload_deformation)\54_Timestep_00019_20231130\Surface_00_Deformation.txt,VNIR,1.0,on-axis,11.0,3.0,4.0,0.06552934035230407
296,1900,nominal,SYS_03_(Preload_deformation)\,54.0,_Timestep_00019,_20231130\,SYS_03_(Preload_deformation)\54_Timestep_00019_20231130\Surface_00_Deformation.txt,VNIR,1.0,on-axis,12.0,3.0,4.0,-0.019002402472233445
297,1900,nominal,SYS_03_(Preload_deformation)\,54.0,_Timestep_00019,_20231130\,SYS_03_(Preload_deformation)\54_Timestep_00019_20231130\Surface_00_Deformation.txt,VNIR,1.0,on-axis,13.0,3.0,4.0,0.0031689077769169794
298,1900,nominal,SYS_03_(Preload_deformation)\,54.0,_Timestep_00019,_20231130\,SYS_03_(Preload_deformation)\54_Timestep_00019_20231130\Surface_00_Deformation.txt,VNIR,1.0,on-axis,14.0,3.0,4.0,-0.009135609637460037
299,1900,nominal,SYS_03_(Preload_deformation)\,54.0,_Timestep_00019,_20231130\,SYS_03_(Preload_deformation)\54_Timestep_00019_20231130\Surface_00_Deformation.txt,VNIR,1.0,on-axis,15.0,3.0,4.0,0.0017837170907944652
300,2000,nominal,SYS_03_(Preload_deformation)\,58.0,_Timestep_00020,_20231130\,SYS_03_(Preload_deformation)\58_Timestep_00020_20231130\Surface_00_Deformation.txt,VNIR,1.0,on-axis,1.0,3.0,4.0,-0.8995402657261319
301,2000,nominal,SYS_03_(Preload_deformation)\,58.0,_Timestep_00020,_20231130\,SYS_03_(Preload_deformation)\58_Timestep_00020_20231130\Surface_00_Deformation.txt,VNIR,1.0,on-axis,2.0,3.0,4.0,0.0016599846061867692
302,2000,nominal,SYS_03_(Preload_deformation)\,58.0,_Timestep_00020,_20231130\,SYS_03_(Preload_deformation)\58_Timestep_00020_20231130\Surface_00_Deformation.txt,VNIR,1.0,on-axis,3.0,3.0,4.0,-0.0012693007161090892
303,2000,nominal,SYS_03_(Preload_deformation)\,58.0,_Timestep_00020,_20231130\,SYS_03_(Preload_deformation)\58_Timestep_00020_20231130\Surface_00_Deformation.txt,VNIR,1.0,on-axis,4.0,3.0,4.0,-0.2582108845169481
304,2000,nominal,SYS_03_(Preload_deformation)\,58.0,_Timestep_00020,_20231130\,SYS_03_(Preload_deformation)\58_Timestep_00020_20231130\Surface_00_Deformation.txt,VNIR,1.0,on-axis,5.0,3.0,4.0,-0.026350519893559275
305,2000,nominal,SYS_03_(Preload_deformation)\,58.0,_Timestep_00020,_20231130\,SYS_03_(Preload_deformation)\58_Timestep_00020_20231130\Surface_00_Deformation.txt,VNIR,1.0,on-axis,6.0,3.0,4.0,0.16677958351631095
306,2000,nominal,SYS_03_(Preload_deformation)\,58.0,_Timestep_00020,_20231130\,SYS_03_(Preload_deformation)\58_Timestep_00020_20231130\Surface_00_Deformation.txt,VNIR,1.0,on-axis,7.0,3.0,4.0,0.0009189584221622213
307,2000,nominal,SYS_03_(Preload_deformation)\,58.0,_Timestep_00020,_20231130\,SYS_03_(Preload_deformation)\58_Timestep_00020_20231130\Surface_00_Deformation.txt,VNIR,1.0,on-axis,8.0,3.0,4.0,0.0002924115553909561
308,2000,nominal,SYS_03_(Preload_deformation)\,58.0,_Timestep_00020,_20231130\,SYS_03_(Preload_deformation)\58_Timestep_00020_20231130\Surface_00_Deformation.txt,VNIR,1.0,on-axis,9.0,3.0,4.0,-0.024785903611961042
309,2000,nominal,SYS_03_(Preload_deformation)\,58.0,_Timestep_00020,_20231130\,SYS_03_(Preload_deformation)\58_Timestep_00020_20231130\Surface_00_Deformation.txt,VNIR,1.0,on-axis,10.0,3.0,4.0,0.0007880192138508082
310,2000,nominal,SYS_03_(Preload_deformation)\,58.0,_Timestep_00020,_20231130\,SYS_03_(Preload_deformation)\58_Timestep_00020_20231130\Surface_00_Deformation.txt,VNIR,1.0,on-axis,11.0,3.0,4.0,0.06890736811454407
311,2000,nominal,SYS_03_(Preload_deformation)\,58.0,_Timestep_00020,_20231130\,SYS_03_(Preload_deformation)\58_Timestep_00020_20231130\Surface_00_Deformation.txt,VNIR,1.0,on-axis,12.0,3.0,4.0,-0.019396046888022912
312,2000,nominal,SYS_03_(Preload_deformation)\,58.0,_Timestep_00020,_20231130\,SYS_03_(Preload_deformation)\58_Timestep_00020_20231130\Surface_00_Deformation.txt,VNIR,1.0,on-axis,13.0,3.0,4.0,0.0030745078862221215
313,2000,nominal,SYS_03_(Preload_deformation)\,58.0,_Timestep_00020,_20231130\,SYS_03_(Preload_deformation)\58_Timestep_00020_20231130\Surface_00_Deformation.txt,VNIR,1.0,on-axis,14.0,3.0,4.0,-0.009413497336104323
314,2000,nominal,SYS_03_(Preload_deformation)\,58.0,_Timestep_00020,_20231130\,SYS_03_(Preload_deformation)\58_Timestep_00020_20231130\Surface_00_Deformation.txt,VNIR,1.0,on-axis,15.0,3.0,4.0,0.0018970846984060305
