,Unnamed: 0,preload,stiffness,folder,subfolder_i,timestep,date,def_file,config,field_n,field,M2_offset_init,M2_offset_final,wfe,term,wave,samp,zern
0,0,0,"No M1 Relief, 1/10x Retainer",,,,,zero,VNIR,1,on-axis,-254.7189535509882,-254.71896703668864,0.0087386698408594,1.0,3.0,4.0,-0.06373381657794844
1,0,0,"No M1 Relief, 1/10x Retainer",,,,,zero,VNIR,1,on-axis,-254.7189535509882,-254.71896703668864,0.0087386698408594,2.0,3.0,4.0,-6.515139415569971e-13
2,0,0,"No M1 Relief, 1/10x Retainer",,,,,zero,VNIR,1,on-axis,-254.7189535509882,-254.71896703668864,0.0087386698408594,3.0,3.0,4.0,9.571376862249207e-14
3,0,0,"No M1 Relief, 1/10x Retainer",,,,,zero,VNIR,1,on-axis,-254.7189535509882,-254.71896703668864,0.0087386698408594,4.0,3.0,4.0,0.0061408713349875065
4,0,0,"No M1 Relief, 1/10x Retainer",,,,,zero,VNIR,1,on-axis,-254.7189535509882,-254.71896703668864,0.0087386698408594,5.0,3.0,4.0,4.082678986706401e-12
5,0,0,"No M1 Relief, 1/10x Retainer",,,,,zero,VNIR,1,on-axis,-254.7189535509882,-254.71896703668864,0.0087386698408594,6.0,3.0,4.0,-1.2117234527309982e-12
6,0,0,"No M1 Relief, 1/10x Retainer",,,,,zero,VNIR,1,on-axis,-254.7189535509882,-254.71896703668864,0.0087386698408594,7.0,3.0,4.0,1.9555678986669327e-13
7,0,0,"No M1 Relief, 1/10x Retainer",,,,,zero,VNIR,1,on-axis,-254.7189535509882,-254.71896703668864,0.0087386698408594,8.0,3.0,4.0,-4.519917143154113e-13
8,0,0,"No M1 Relief, 1/10x Retainer",,,,,zero,VNIR,1,on-axis,-254.7189535509882,-254.71896703668864,0.0087386698408594,9.0,3.0,4.0,5.657311633654534e-13
9,0,0,"No M1 Relief, 1/10x Retainer",,,,,zero,VNIR,1,on-axis,-254.7189535509882,-254.71896703668864,0.0087386698408594,10.0,3.0,4.0,-9.81220115401312e-13
10,0,0,"No M1 Relief, 1/10x Retainer",,,,,zero,VNIR,1,on-axis,-254.7189535509882,-254.71896703668864,0.0087386698408594,11.0,3.0,4.0,-0.0034875524088040545
11,0,0,"No M1 Relief, 1/10x Retainer",,,,,zero,VNIR,1,on-axis,-254.7189535509882,-254.71896703668864,0.0087386698408594,12.0,3.0,4.0,1.3277411051757632e-12
12,0,0,"No M1 Relief, 1/10x Retainer",,,,,zero,VNIR,1,on-axis,-254.7189535509882,-254.71896703668864,0.0087386698408594,13.0,3.0,4.0,-2.9939992236032336e-12
13,0,0,"No M1 Relief, 1/10x Retainer",,,,,zero,VNIR,1,on-axis,-254.7189535509882,-254.71896703668864,0.0087386698408594,14.0,3.0,4.0,9.174752083927068e-06
14,0,0,"No M1 Relief, 1/10x Retainer",,,,,zero,VNIR,1,on-axis,-254.7189535509882,-254.71896703668864,0.0087386698408594,15.0,3.0,4.0,-1.2994403277855141e-12
15,1,100,"No M1 Relief, 1/10x Retainer",SYS_20_(Preload_deformation)\,0.0,_Timestep_00001,_20231210\,SYS_20_(Preload_deformation)\00_Timestep_00001_20231210\Surface_00_Deformation.txt,VNIR,1,on-axis,-254.718953550988,-254.719899514248,0.0107442381371287,1.0,3.0,4.0,-0.1868225988949676
16,1,100,"No M1 Relief, 1/10x Retainer",SYS_20_(Preload_deformation)\,0.0,_Timestep_00001,_20231210\,SYS_20_(Preload_deformation)\00_Timestep_00001_20231210\Surface_00_Deformation.txt,VNIR,1,on-axis,-254.718953550988,-254.719899514248,0.0107442381371287,2.0,3.0,4.0,-0.00015974810995470742
17,1,100,"No M1 Relief, 1/10x Retainer",SYS_20_(Preload_deformation)\,0.0,_Timestep_00001,_20231210\,SYS_20_(Preload_deformation)\00_Timestep_00001_20231210\Surface_00_Deformation.txt,VNIR,1,on-axis,-254.718953550988,-254.719899514248,0.0107442381371287,3.0,3.0,4.0,-0.0007631979055589061
18,1,100,"No M1 Relief, 1/10x Retainer",SYS_20_(Preload_deformation)\,0.0,_Timestep_00001,_20231210\,SYS_20_(Preload_deformation)\00_Timestep_00001_20231210\Surface_00_Deformation.txt,VNIR,1,on-axis,-254.718953550988,-254.719899514248,0.0107442381371287,4.0,3.0,4.0,-0.02715366862822089
19,1,100,"No M1 Relief, 1/10x Retainer",SYS_20_(Preload_deformation)\,0.0,_Timestep_00001,_20231210\,SYS_20_(Preload_deformation)\00_Timestep_00001_20231210\Surface_00_Deformation.txt,VNIR,1,on-axis,-254.718953550988,-254.719899514248,0.0107442381371287,5.0,3.0,4.0,-0.006464458522225396
20,1,100,"No M1 Relief, 1/10x Retainer",SYS_20_(Preload_deformation)\,0.0,_Timestep_00001,_20231210\,SYS_20_(Preload_deformation)\00_Timestep_00001_20231210\Surface_00_Deformation.txt,VNIR,1,on-axis,-254.718953550988,-254.719899514248,0.0107442381371287,6.0,3.0,4.0,0.0013544190149404494
21,1,100,"No M1 Relief, 1/10x Retainer",SYS_20_(Preload_deformation)\,0.0,_Timestep_00001,_20231210\,SYS_20_(Preload_deformation)\00_Timestep_00001_20231210\Surface_00_Deformation.txt,VNIR,1,on-axis,-254.718953550988,-254.719899514248,0.0107442381371287,7.0,3.0,4.0,-7.158959739297936e-05
22,1,100,"No M1 Relief, 1/10x Retainer",SYS_20_(Preload_deformation)\,0.0,_Timestep_00001,_20231210\,SYS_20_(Preload_deformation)\00_Timestep_00001_20231210\Surface_00_Deformation.txt,VNIR,1,on-axis,-254.718953550988,-254.719899514248,0.0107442381371287,8.0,3.0,4.0,7.633673216783588e-05
23,1,100,"No M1 Relief, 1/10x Retainer",SYS_20_(Preload_deformation)\,0.0,_Timestep_00001,_20231210\,SYS_20_(Preload_deformation)\00_Timestep_00001_20231210\Surface_00_Deformation.txt,VNIR,1,on-axis,-254.718953550988,-254.719899514248,0.0107442381371287,9.0,3.0,4.0,0.0002568293170718684
24,1,100,"No M1 Relief, 1/10x Retainer",SYS_20_(Preload_deformation)\,0.0,_Timestep_00001,_20231210\,SYS_20_(Preload_deformation)\00_Timestep_00001_20231210\Surface_00_Deformation.txt,VNIR,1,on-axis,-254.718953550988,-254.719899514248,0.0107442381371287,10.0,3.0,4.0,0.00022726119402198015
25,1,100,"No M1 Relief, 1/10x Retainer",SYS_20_(Preload_deformation)\,0.0,_Timestep_00001,_20231210\,SYS_20_(Preload_deformation)\00_Timestep_00001_20231210\Surface_00_Deformation.txt,VNIR,1,on-axis,-254.718953550988,-254.719899514248,0.0107442381371287,11.0,3.0,4.0,-0.0006119043691853245
26,1,100,"No M1 Relief, 1/10x Retainer",SYS_20_(Preload_deformation)\,0.0,_Timestep_00001,_20231210\,SYS_20_(Preload_deformation)\00_Timestep_00001_20231210\Surface_00_Deformation.txt,VNIR,1,on-axis,-254.718953550988,-254.719899514248,0.0107442381371287,12.0,3.0,4.0,-0.00023040980543134333
27,1,100,"No M1 Relief, 1/10x Retainer",SYS_20_(Preload_deformation)\,0.0,_Timestep_00001,_20231210\,SYS_20_(Preload_deformation)\00_Timestep_00001_20231210\Surface_00_Deformation.txt,VNIR,1,on-axis,-254.718953550988,-254.719899514248,0.0107442381371287,13.0,3.0,4.0,0.0009827782479292636
28,1,100,"No M1 Relief, 1/10x Retainer",SYS_20_(Preload_deformation)\,0.0,_Timestep_00001,_20231210\,SYS_20_(Preload_deformation)\00_Timestep_00001_20231210\Surface_00_Deformation.txt,VNIR,1,on-axis,-254.718953550988,-254.719899514248,0.0107442381371287,14.0,3.0,4.0,8.109439131572411e-05
29,1,100,"No M1 Relief, 1/10x Retainer",SYS_20_(Preload_deformation)\,0.0,_Timestep_00001,_20231210\,SYS_20_(Preload_deformation)\00_Timestep_00001_20231210\Surface_00_Deformation.txt,VNIR,1,on-axis,-254.718953550988,-254.719899514248,0.0107442381371287,15.0,3.0,4.0,0.0001557808882799192
30,2,200,"No M1 Relief, 1/10x Retainer",SYS_20_(Preload_deformation)\,1.0,_Timestep_00002,_20231210\,SYS_20_(Preload_deformation)\01_Timestep_00002_20231210\Surface_00_Deformation.txt,VNIR,1,on-axis,-254.718953550988,-254.7202039045944,0.0112008676420644,1.0,3.0,4.0,-0.10514618747510394
31,2,200,"No M1 Relief, 1/10x Retainer",SYS_20_(Preload_deformation)\,1.0,_Timestep_00002,_20231210\,SYS_20_(Preload_deformation)\01_Timestep_00002_20231210\Surface_00_Deformation.txt,VNIR,1,on-axis,-254.718953550988,-254.7202039045944,0.0112008676420644,2.0,3.0,4.0,0.0008583093623443231
32,2,200,"No M1 Relief, 1/10x Retainer",SYS_20_(Preload_deformation)\,1.0,_Timestep_00002,_20231210\,SYS_20_(Preload_deformation)\01_Timestep_00002_20231210\Surface_00_Deformation.txt,VNIR,1,on-axis,-254.718953550988,-254.7202039045944,0.0112008676420644,3.0,3.0,4.0,-0.0010721104813406087
33,2,200,"No M1 Relief, 1/10x Retainer",SYS_20_(Preload_deformation)\,1.0,_Timestep_00002,_20231210\,SYS_20_(Preload_deformation)\01_Timestep_00002_20231210\Surface_00_Deformation.txt,VNIR,1,on-axis,-254.718953550988,-254.7202039045944,0.0112008676420644,4.0,3.0,4.0,-0.0046862685284292565
34,2,200,"No M1 Relief, 1/10x Retainer",SYS_20_(Preload_deformation)\,1.0,_Timestep_00002,_20231210\,SYS_20_(Preload_deformation)\01_Timestep_00002_20231210\Surface_00_Deformation.txt,VNIR,1,on-axis,-254.718953550988,-254.7202039045944,0.0112008676420644,5.0,3.0,4.0,-0.006812413013205207
35,2,200,"No M1 Relief, 1/10x Retainer",SYS_20_(Preload_deformation)\,1.0,_Timestep_00002,_20231210\,SYS_20_(Preload_deformation)\01_Timestep_00002_20231210\Surface_00_Deformation.txt,VNIR,1,on-axis,-254.718953550988,-254.7202039045944,0.0112008676420644,6.0,3.0,4.0,-0.0021565530634521783
36,2,200,"No M1 Relief, 1/10x Retainer",SYS_20_(Preload_deformation)\,1.0,_Timestep_00002,_20231210\,SYS_20_(Preload_deformation)\01_Timestep_00002_20231210\Surface_00_Deformation.txt,VNIR,1,on-axis,-254.718953550988,-254.7202039045944,0.0112008676420644,7.0,3.0,4.0,-0.00011484808537189335
37,2,200,"No M1 Relief, 1/10x Retainer",SYS_20_(Preload_deformation)\,1.0,_Timestep_00002,_20231210\,SYS_20_(Preload_deformation)\01_Timestep_00002_20231210\Surface_00_Deformation.txt,VNIR,1,on-axis,-254.718953550988,-254.7202039045944,0.0112008676420644,8.0,3.0,4.0,0.00017628024005954018
38,2,200,"No M1 Relief, 1/10x Retainer",SYS_20_(Preload_deformation)\,1.0,_Timestep_00002,_20231210\,SYS_20_(Preload_deformation)\01_Timestep_00002_20231210\Surface_00_Deformation.txt,VNIR,1,on-axis,-254.718953550988,-254.7202039045944,0.0112008676420644,9.0,3.0,4.0,0.00010127305848948614
39,2,200,"No M1 Relief, 1/10x Retainer",SYS_20_(Preload_deformation)\,1.0,_Timestep_00002,_20231210\,SYS_20_(Preload_deformation)\01_Timestep_00002_20231210\Surface_00_Deformation.txt,VNIR,1,on-axis,-254.718953550988,-254.7202039045944,0.0112008676420644,10.0,3.0,4.0,-0.00025839894297253406
40,2,200,"No M1 Relief, 1/10x Retainer",SYS_20_(Preload_deformation)\,1.0,_Timestep_00002,_20231210\,SYS_20_(Preload_deformation)\01_Timestep_00002_20231210\Surface_00_Deformation.txt,VNIR,1,on-axis,-254.718953550988,-254.7202039045944,0.0112008676420644,11.0,3.0,4.0,0.001103516181084324
41,2,200,"No M1 Relief, 1/10x Retainer",SYS_20_(Preload_deformation)\,1.0,_Timestep_00002,_20231210\,SYS_20_(Preload_deformation)\01_Timestep_00002_20231210\Surface_00_Deformation.txt,VNIR,1,on-axis,-254.718953550988,-254.7202039045944,0.0112008676420644,12.0,3.0,4.0,0.0003617100009382115
42,2,200,"No M1 Relief, 1/10x Retainer",SYS_20_(Preload_deformation)\,1.0,_Timestep_00002,_20231210\,SYS_20_(Preload_deformation)\01_Timestep_00002_20231210\Surface_00_Deformation.txt,VNIR,1,on-axis,-254.718953550988,-254.7202039045944,0.0112008676420644,13.0,3.0,4.0,0.0010889842109445605
43,2,200,"No M1 Relief, 1/10x Retainer",SYS_20_(Preload_deformation)\,1.0,_Timestep_00002,_20231210\,SYS_20_(Preload_deformation)\01_Timestep_00002_20231210\Surface_00_Deformation.txt,VNIR,1,on-axis,-254.718953550988,-254.7202039045944,0.0112008676420644,14.0,3.0,4.0,3.2690243276738713e-05
44,2,200,"No M1 Relief, 1/10x Retainer",SYS_20_(Preload_deformation)\,1.0,_Timestep_00002,_20231210\,SYS_20_(Preload_deformation)\01_Timestep_00002_20231210\Surface_00_Deformation.txt,VNIR,1,on-axis,-254.718953550988,-254.7202039045944,0.0112008676420644,15.0,3.0,4.0,0.00016073407250741814
45,3,300,"No M1 Relief, 1/10x Retainer",SYS_20_(Preload_deformation)\,2.0,_Timestep_00003,_20231210\,SYS_20_(Preload_deformation)\02_Timestep_00003_20231210\Surface_00_Deformation.txt,VNIR,1,on-axis,-254.718953550988,-254.72055132460036,0.0103922569538291,1.0,3.0,4.0,-0.09612565355948517
46,3,300,"No M1 Relief, 1/10x Retainer",SYS_20_(Preload_deformation)\,2.0,_Timestep_00003,_20231210\,SYS_20_(Preload_deformation)\02_Timestep_00003_20231210\Surface_00_Deformation.txt,VNIR,1,on-axis,-254.718953550988,-254.72055132460036,0.0103922569538291,2.0,3.0,4.0,0.001601488148375528
47,3,300,"No M1 Relief, 1/10x Retainer",SYS_20_(Preload_deformation)\,2.0,_Timestep_00003,_20231210\,SYS_20_(Preload_deformation)\02_Timestep_00003_20231210\Surface_00_Deformation.txt,VNIR,1,on-axis,-254.718953550988,-254.72055132460036,0.0103922569538291,3.0,3.0,4.0,-0.0013846839879087351
48,3,300,"No M1 Relief, 1/10x Retainer",SYS_20_(Preload_deformation)\,2.0,_Timestep_00003,_20231210\,SYS_20_(Preload_deformation)\02_Timestep_00003_20231210\Surface_00_Deformation.txt,VNIR,1,on-axis,-254.718953550988,-254.72055132460036,0.0103922569538291,4.0,3.0,4.0,-0.006657665037140619
49,3,300,"No M1 Relief, 1/10x Retainer",SYS_20_(Preload_deformation)\,2.0,_Timestep_00003,_20231210\,SYS_20_(Preload_deformation)\02_Timestep_00003_20231210\Surface_00_Deformation.txt,VNIR,1,on-axis,-254.718953550988,-254.72055132460036,0.0103922569538291,5.0,3.0,4.0,-0.004888366474127364
50,3,300,"No M1 Relief, 1/10x Retainer",SYS_20_(Preload_deformation)\,2.0,_Timestep_00003,_20231210\,SYS_20_(Preload_deformation)\02_Timestep_00003_20231210\Surface_00_Deformation.txt,VNIR,1,on-axis,-254.718953550988,-254.72055132460036,0.0103922569538291,6.0,3.0,4.0,-0.000323314760502187
51,3,300,"No M1 Relief, 1/10x Retainer",SYS_20_(Preload_deformation)\,2.0,_Timestep_00003,_20231210\,SYS_20_(Preload_deformation)\02_Timestep_00003_20231210\Surface_00_Deformation.txt,VNIR,1,on-axis,-254.718953550988,-254.72055132460036,0.0103922569538291,7.0,3.0,4.0,-0.00015568132777282837
52,3,300,"No M1 Relief, 1/10x Retainer",SYS_20_(Preload_deformation)\,2.0,_Timestep_00003,_20231210\,SYS_20_(Preload_deformation)\02_Timestep_00003_20231210\Surface_00_Deformation.txt,VNIR,1,on-axis,-254.718953550988,-254.72055132460036,0.0103922569538291,8.0,3.0,4.0,0.00031463139485139117
53,3,300,"No M1 Relief, 1/10x Retainer",SYS_20_(Preload_deformation)\,2.0,_Timestep_00003,_20231210\,SYS_20_(Preload_deformation)\02_Timestep_00003_20231210\Surface_00_Deformation.txt,VNIR,1,on-axis,-254.718953550988,-254.72055132460036,0.0103922569538291,9.0,3.0,4.0,-9.52618710453954e-06
54,3,300,"No M1 Relief, 1/10x Retainer",SYS_20_(Preload_deformation)\,2.0,_Timestep_00003,_20231210\,SYS_20_(Preload_deformation)\02_Timestep_00003_20231210\Surface_00_Deformation.txt,VNIR,1,on-axis,-254.718953550988,-254.72055132460036,0.0103922569538291,10.0,3.0,4.0,-0.0001534780178856789
55,3,300,"No M1 Relief, 1/10x Retainer",SYS_20_(Preload_deformation)\,2.0,_Timestep_00003,_20231210\,SYS_20_(Preload_deformation)\02_Timestep_00003_20231210\Surface_00_Deformation.txt,VNIR,1,on-axis,-254.718953550988,-254.72055132460036,0.0103922569538291,11.0,3.0,4.0,0.0032510035779260067
56,3,300,"No M1 Relief, 1/10x Retainer",SYS_20_(Preload_deformation)\,2.0,_Timestep_00003,_20231210\,SYS_20_(Preload_deformation)\02_Timestep_00003_20231210\Surface_00_Deformation.txt,VNIR,1,on-axis,-254.718953550988,-254.72055132460036,0.0103922569538291,12.0,3.0,4.0,7.530994372235466e-05
57,3,300,"No M1 Relief, 1/10x Retainer",SYS_20_(Preload_deformation)\,2.0,_Timestep_00003,_20231210\,SYS_20_(Preload_deformation)\02_Timestep_00003_20231210\Surface_00_Deformation.txt,VNIR,1,on-axis,-254.718953550988,-254.72055132460036,0.0103922569538291,13.0,3.0,4.0,0.0008313469580037748
58,3,300,"No M1 Relief, 1/10x Retainer",SYS_20_(Preload_deformation)\,2.0,_Timestep_00003,_20231210\,SYS_20_(Preload_deformation)\02_Timestep_00003_20231210\Surface_00_Deformation.txt,VNIR,1,on-axis,-254.718953550988,-254.72055132460036,0.0103922569538291,14.0,3.0,4.0,2.3372314474267515e-05
59,3,300,"No M1 Relief, 1/10x Retainer",SYS_20_(Preload_deformation)\,2.0,_Timestep_00003,_20231210\,SYS_20_(Preload_deformation)\02_Timestep_00003_20231210\Surface_00_Deformation.txt,VNIR,1,on-axis,-254.718953550988,-254.72055132460036,0.0103922569538291,15.0,3.0,4.0,0.0001458750940298411
60,4,400,"No M1 Relief, 1/10x Retainer",SYS_20_(Preload_deformation)\,3.0,_Timestep_00004,_20231210\,SYS_20_(Preload_deformation)\03_Timestep_00004_20231210\Surface_00_Deformation.txt,VNIR,1,on-axis,-254.718953550988,-254.72094376220195,0.011181333312162,1.0,3.0,4.0,-0.0860392901716858
61,4,400,"No M1 Relief, 1/10x Retainer",SYS_20_(Preload_deformation)\,3.0,_Timestep_00004,_20231210\,SYS_20_(Preload_deformation)\03_Timestep_00004_20231210\Surface_00_Deformation.txt,VNIR,1,on-axis,-254.718953550988,-254.72094376220195,0.011181333312162,2.0,3.0,4.0,0.0006770749244110495
62,4,400,"No M1 Relief, 1/10x Retainer",SYS_20_(Preload_deformation)\,3.0,_Timestep_00004,_20231210\,SYS_20_(Preload_deformation)\03_Timestep_00004_20231210\Surface_00_Deformation.txt,VNIR,1,on-axis,-254.718953550988,-254.72094376220195,0.011181333312162,3.0,3.0,4.0,-0.00171917871767484
63,4,400,"No M1 Relief, 1/10x Retainer",SYS_20_(Preload_deformation)\,3.0,_Timestep_00004,_20231210\,SYS_20_(Preload_deformation)\03_Timestep_00004_20231210\Surface_00_Deformation.txt,VNIR,1,on-axis,-254.718953550988,-254.72094376220195,0.011181333312162,4.0,3.0,4.0,-0.008005926419247151
64,4,400,"No M1 Relief, 1/10x Retainer",SYS_20_(Preload_deformation)\,3.0,_Timestep_00004,_20231210\,SYS_20_(Preload_deformation)\03_Timestep_00004_20231210\Surface_00_Deformation.txt,VNIR,1,on-axis,-254.718953550988,-254.72094376220195,0.011181333312162,5.0,3.0,4.0,-0.0027395661859854676
65,4,400,"No M1 Relief, 1/10x Retainer",SYS_20_(Preload_deformation)\,3.0,_Timestep_00004,_20231210\,SYS_20_(Preload_deformation)\03_Timestep_00004_20231210\Surface_00_Deformation.txt,VNIR,1,on-axis,-254.718953550988,-254.72094376220195,0.011181333312162,6.0,3.0,4.0,0.002179759846345645
66,4,400,"No M1 Relief, 1/10x Retainer",SYS_20_(Preload_deformation)\,3.0,_Timestep_00004,_20231210\,SYS_20_(Preload_deformation)\03_Timestep_00004_20231210\Surface_00_Deformation.txt,VNIR,1,on-axis,-254.718953550988,-254.72094376220195,0.011181333312162,7.0,3.0,4.0,-0.00020393429458739947
67,4,400,"No M1 Relief, 1/10x Retainer",SYS_20_(Preload_deformation)\,3.0,_Timestep_00004,_20231210\,SYS_20_(Preload_deformation)\03_Timestep_00004_20231210\Surface_00_Deformation.txt,VNIR,1,on-axis,-254.718953550988,-254.72094376220195,0.011181333312162,8.0,3.0,4.0,0.00017442193007253937
68,4,400,"No M1 Relief, 1/10x Retainer",SYS_20_(Preload_deformation)\,3.0,_Timestep_00004,_20231210\,SYS_20_(Preload_deformation)\03_Timestep_00004_20231210\Surface_00_Deformation.txt,VNIR,1,on-axis,-254.718953550988,-254.72094376220195,0.011181333312162,9.0,3.0,4.0,-0.00010378189567931327
69,4,400,"No M1 Relief, 1/10x Retainer",SYS_20_(Preload_deformation)\,3.0,_Timestep_00004,_20231210\,SYS_20_(Preload_deformation)\03_Timestep_00004_20231210\Surface_00_Deformation.txt,VNIR,1,on-axis,-254.718953550988,-254.72094376220195,0.011181333312162,10.0,3.0,4.0,-5.465729779310973e-06
70,4,400,"No M1 Relief, 1/10x Retainer",SYS_20_(Preload_deformation)\,3.0,_Timestep_00004,_20231210\,SYS_20_(Preload_deformation)\03_Timestep_00004_20231210\Surface_00_Deformation.txt,VNIR,1,on-axis,-254.718953550988,-254.72094376220195,0.011181333312162,11.0,3.0,4.0,0.005450649309012512
71,4,400,"No M1 Relief, 1/10x Retainer",SYS_20_(Preload_deformation)\,3.0,_Timestep_00004,_20231210\,SYS_20_(Preload_deformation)\03_Timestep_00004_20231210\Surface_00_Deformation.txt,VNIR,1,on-axis,-254.718953550988,-254.72094376220195,0.011181333312162,12.0,3.0,4.0,-0.00038979624700293984
72,4,400,"No M1 Relief, 1/10x Retainer",SYS_20_(Preload_deformation)\,3.0,_Timestep_00004,_20231210\,SYS_20_(Preload_deformation)\03_Timestep_00004_20231210\Surface_00_Deformation.txt,VNIR,1,on-axis,-254.718953550988,-254.72094376220195,0.011181333312162,13.0,3.0,4.0,0.000505918474610223
73,4,400,"No M1 Relief, 1/10x Retainer",SYS_20_(Preload_deformation)\,3.0,_Timestep_00004,_20231210\,SYS_20_(Preload_deformation)\03_Timestep_00004_20231210\Surface_00_Deformation.txt,VNIR,1,on-axis,-254.718953550988,-254.72094376220195,0.011181333312162,14.0,3.0,4.0,-3.0374194964112397e-05
74,4,400,"No M1 Relief, 1/10x Retainer",SYS_20_(Preload_deformation)\,3.0,_Timestep_00004,_20231210\,SYS_20_(Preload_deformation)\03_Timestep_00004_20231210\Surface_00_Deformation.txt,VNIR,1,on-axis,-254.718953550988,-254.72094376220195,0.011181333312162,15.0,3.0,4.0,0.00010405816882101577
75,5,500,"No M1 Relief, 1/10x Retainer",SYS_20_(Preload_deformation)\,4.0,_Timestep_00005,_20231210\,SYS_20_(Preload_deformation)\04_Timestep_00005_20231210\Surface_00_Deformation.txt,VNIR,1,on-axis,-254.718953550988,-254.72131408769752,0.0130710383875468,1.0,3.0,4.0,-0.0716001386012924
76,5,500,"No M1 Relief, 1/10x Retainer",SYS_20_(Preload_deformation)\,4.0,_Timestep_00005,_20231210\,SYS_20_(Preload_deformation)\04_Timestep_00005_20231210\Surface_00_Deformation.txt,VNIR,1,on-axis,-254.718953550988,-254.72131408769752,0.0130710383875468,2.0,3.0,4.0,0.0010058860022248174
77,5,500,"No M1 Relief, 1/10x Retainer",SYS_20_(Preload_deformation)\,4.0,_Timestep_00005,_20231210\,SYS_20_(Preload_deformation)\04_Timestep_00005_20231210\Surface_00_Deformation.txt,VNIR,1,on-axis,-254.718953550988,-254.72131408769752,0.0130710383875468,3.0,3.0,4.0,-0.002040824416616728
78,5,500,"No M1 Relief, 1/10x Retainer",SYS_20_(Preload_deformation)\,4.0,_Timestep_00005,_20231210\,SYS_20_(Preload_deformation)\04_Timestep_00005_20231210\Surface_00_Deformation.txt,VNIR,1,on-axis,-254.718953550988,-254.72131408769752,0.0130710383875468,4.0,3.0,4.0,-0.00750252105406505
79,5,500,"No M1 Relief, 1/10x Retainer",SYS_20_(Preload_deformation)\,4.0,_Timestep_00005,_20231210\,SYS_20_(Preload_deformation)\04_Timestep_00005_20231210\Surface_00_Deformation.txt,VNIR,1,on-axis,-254.718953550988,-254.72131408769752,0.0130710383875468,5.0,3.0,4.0,-0.002271908328938504
80,5,500,"No M1 Relief, 1/10x Retainer",SYS_20_(Preload_deformation)\,4.0,_Timestep_00005,_20231210\,SYS_20_(Preload_deformation)\04_Timestep_00005_20231210\Surface_00_Deformation.txt,VNIR,1,on-axis,-254.718953550988,-254.72131408769752,0.0130710383875468,6.0,3.0,4.0,0.0045685478686303075
81,5,500,"No M1 Relief, 1/10x Retainer",SYS_20_(Preload_deformation)\,4.0,_Timestep_00005,_20231210\,SYS_20_(Preload_deformation)\04_Timestep_00005_20231210\Surface_00_Deformation.txt,VNIR,1,on-axis,-254.718953550988,-254.72131408769752,0.0130710383875468,7.0,3.0,4.0,-0.0002529733400444782
82,5,500,"No M1 Relief, 1/10x Retainer",SYS_20_(Preload_deformation)\,4.0,_Timestep_00005,_20231210\,SYS_20_(Preload_deformation)\04_Timestep_00005_20231210\Surface_00_Deformation.txt,VNIR,1,on-axis,-254.718953550988,-254.72131408769752,0.0130710383875468,8.0,3.0,4.0,0.00018163895023014327
83,5,500,"No M1 Relief, 1/10x Retainer",SYS_20_(Preload_deformation)\,4.0,_Timestep_00005,_20231210\,SYS_20_(Preload_deformation)\04_Timestep_00005_20231210\Surface_00_Deformation.txt,VNIR,1,on-axis,-254.718953550988,-254.72131408769752,0.0130710383875468,9.0,3.0,4.0,-0.0002500288149501108
84,5,500,"No M1 Relief, 1/10x Retainer",SYS_20_(Preload_deformation)\,4.0,_Timestep_00005,_20231210\,SYS_20_(Preload_deformation)\04_Timestep_00005_20231210\Surface_00_Deformation.txt,VNIR,1,on-axis,-254.718953550988,-254.72131408769752,0.0130710383875468,10.0,3.0,4.0,-0.00031703302669741716
85,5,500,"No M1 Relief, 1/10x Retainer",SYS_20_(Preload_deformation)\,4.0,_Timestep_00005,_20231210\,SYS_20_(Preload_deformation)\04_Timestep_00005_20231210\Surface_00_Deformation.txt,VNIR,1,on-axis,-254.718953550988,-254.72131408769752,0.0130710383875468,11.0,3.0,4.0,0.007568533233119783
86,5,500,"No M1 Relief, 1/10x Retainer",SYS_20_(Preload_deformation)\,4.0,_Timestep_00005,_20231210\,SYS_20_(Preload_deformation)\04_Timestep_00005_20231210\Surface_00_Deformation.txt,VNIR,1,on-axis,-254.718953550988,-254.72131408769752,0.0130710383875468,12.0,3.0,4.0,-0.0007673624818833126
87,5,500,"No M1 Relief, 1/10x Retainer",SYS_20_(Preload_deformation)\,4.0,_Timestep_00005,_20231210\,SYS_20_(Preload_deformation)\04_Timestep_00005_20231210\Surface_00_Deformation.txt,VNIR,1,on-axis,-254.718953550988,-254.72131408769752,0.0130710383875468,13.0,3.0,4.0,0.00039619053772762
88,5,500,"No M1 Relief, 1/10x Retainer",SYS_20_(Preload_deformation)\,4.0,_Timestep_00005,_20231210\,SYS_20_(Preload_deformation)\04_Timestep_00005_20231210\Surface_00_Deformation.txt,VNIR,1,on-axis,-254.718953550988,-254.72131408769752,0.0130710383875468,14.0,3.0,4.0,-5.4389450613776474e-05
89,5,500,"No M1 Relief, 1/10x Retainer",SYS_20_(Preload_deformation)\,4.0,_Timestep_00005,_20231210\,SYS_20_(Preload_deformation)\04_Timestep_00005_20231210\Surface_00_Deformation.txt,VNIR,1,on-axis,-254.718953550988,-254.72131408769752,0.0130710383875468,15.0,3.0,4.0,0.00015526089889268257
90,6,600,"No M1 Relief, 1/10x Retainer",SYS_20_(Preload_deformation)\,5.0,_Timestep_00006,_20231210\,SYS_20_(Preload_deformation)\05_Timestep_00006_20231210\Surface_00_Deformation.txt,VNIR,1,on-axis,-254.718953550988,-254.7217011682503,0.0161895159317831,1.0,3.0,4.0,-0.06069166081518918
91,6,600,"No M1 Relief, 1/10x Retainer",SYS_20_(Preload_deformation)\,5.0,_Timestep_00006,_20231210\,SYS_20_(Preload_deformation)\05_Timestep_00006_20231210\Surface_00_Deformation.txt,VNIR,1,on-axis,-254.718953550988,-254.7217011682503,0.0161895159317831,2.0,3.0,4.0,-0.0004969236132156687
92,6,600,"No M1 Relief, 1/10x Retainer",SYS_20_(Preload_deformation)\,5.0,_Timestep_00006,_20231210\,SYS_20_(Preload_deformation)\05_Timestep_00006_20231210\Surface_00_Deformation.txt,VNIR,1,on-axis,-254.718953550988,-254.7217011682503,0.0161895159317831,3.0,3.0,4.0,-0.0018027727891002886
93,6,600,"No M1 Relief, 1/10x Retainer",SYS_20_(Preload_deformation)\,5.0,_Timestep_00006,_20231210\,SYS_20_(Preload_deformation)\05_Timestep_00006_20231210\Surface_00_Deformation.txt,VNIR,1,on-axis,-254.718953550988,-254.7217011682503,0.0161895159317831,4.0,3.0,4.0,-0.007739106008415737
94,6,600,"No M1 Relief, 1/10x Retainer",SYS_20_(Preload_deformation)\,5.0,_Timestep_00006,_20231210\,SYS_20_(Preload_deformation)\05_Timestep_00006_20231210\Surface_00_Deformation.txt,VNIR,1,on-axis,-254.718953550988,-254.7217011682503,0.0161895159317831,5.0,3.0,4.0,-0.0024573669734525346
95,6,600,"No M1 Relief, 1/10x Retainer",SYS_20_(Preload_deformation)\,5.0,_Timestep_00006,_20231210\,SYS_20_(Preload_deformation)\05_Timestep_00006_20231210\Surface_00_Deformation.txt,VNIR,1,on-axis,-254.718953550988,-254.7217011682503,0.0161895159317831,6.0,3.0,4.0,0.007909075412603012
96,6,600,"No M1 Relief, 1/10x Retainer",SYS_20_(Preload_deformation)\,5.0,_Timestep_00006,_20231210\,SYS_20_(Preload_deformation)\05_Timestep_00006_20231210\Surface_00_Deformation.txt,VNIR,1,on-axis,-254.718953550988,-254.7217011682503,0.0161895159317831,7.0,3.0,4.0,-0.00024356916239916056
97,6,600,"No M1 Relief, 1/10x Retainer",SYS_20_(Preload_deformation)\,5.0,_Timestep_00006,_20231210\,SYS_20_(Preload_deformation)\05_Timestep_00006_20231210\Surface_00_Deformation.txt,VNIR,1,on-axis,-254.718953550988,-254.7217011682503,0.0161895159317831,8.0,3.0,4.0,3.239487741840711e-05
98,6,600,"No M1 Relief, 1/10x Retainer",SYS_20_(Preload_deformation)\,5.0,_Timestep_00006,_20231210\,SYS_20_(Preload_deformation)\05_Timestep_00006_20231210\Surface_00_Deformation.txt,VNIR,1,on-axis,-254.718953550988,-254.7217011682503,0.0161895159317831,9.0,3.0,4.0,-0.00025206710386924954
99,6,600,"No M1 Relief, 1/10x Retainer",SYS_20_(Preload_deformation)\,5.0,_Timestep_00006,_20231210\,SYS_20_(Preload_deformation)\05_Timestep_00006_20231210\Surface_00_Deformation.txt,VNIR,1,on-axis,-254.718953550988,-254.7217011682503,0.0161895159317831,10.0,3.0,4.0,-3.635405174912896e-05
100,6,600,"No M1 Relief, 1/10x Retainer",SYS_20_(Preload_deformation)\,5.0,_Timestep_00006,_20231210\,SYS_20_(Preload_deformation)\05_Timestep_00006_20231210\Surface_00_Deformation.txt,VNIR,1,on-axis,-254.718953550988,-254.7217011682503,0.0161895159317831,11.0,3.0,4.0,0.00962978114976641
101,6,600,"No M1 Relief, 1/10x Retainer",SYS_20_(Preload_deformation)\,5.0,_Timestep_00006,_20231210\,SYS_20_(Preload_deformation)\05_Timestep_00006_20231210\Surface_00_Deformation.txt,VNIR,1,on-axis,-254.718953550988,-254.7217011682503,0.0161895159317831,12.0,3.0,4.0,-0.0013377637973677175
102,6,600,"No M1 Relief, 1/10x Retainer",SYS_20_(Preload_deformation)\,5.0,_Timestep_00006,_20231210\,SYS_20_(Preload_deformation)\05_Timestep_00006_20231210\Surface_00_Deformation.txt,VNIR,1,on-axis,-254.718953550988,-254.7217011682503,0.0161895159317831,13.0,3.0,4.0,0.0004100241698264681
103,6,600,"No M1 Relief, 1/10x Retainer",SYS_20_(Preload_deformation)\,5.0,_Timestep_00006,_20231210\,SYS_20_(Preload_deformation)\05_Timestep_00006_20231210\Surface_00_Deformation.txt,VNIR,1,on-axis,-254.718953550988,-254.7217011682503,0.0161895159317831,14.0,3.0,4.0,1.0610447563516018e-05
104,6,600,"No M1 Relief, 1/10x Retainer",SYS_20_(Preload_deformation)\,5.0,_Timestep_00006,_20231210\,SYS_20_(Preload_deformation)\05_Timestep_00006_20231210\Surface_00_Deformation.txt,VNIR,1,on-axis,-254.718953550988,-254.7217011682503,0.0161895159317831,15.0,3.0,4.0,0.0001971839651072372
105,7,700,"No M1 Relief, 1/10x Retainer",SYS_20_(Preload_deformation)\,6.0,_Timestep_00007,_20231210\,SYS_20_(Preload_deformation)\06_Timestep_00007_20231210\Surface_00_Deformation.txt,VNIR,1,on-axis,-254.718953550988,-254.72207887726907,0.0174955271810231,1.0,3.0,4.0,-0.0489929534178089
106,7,700,"No M1 Relief, 1/10x Retainer",SYS_20_(Preload_deformation)\,6.0,_Timestep_00007,_20231210\,SYS_20_(Preload_deformation)\06_Timestep_00007_20231210\Surface_00_Deformation.txt,VNIR,1,on-axis,-254.718953550988,-254.72207887726907,0.0174955271810231,2.0,3.0,4.0,-0.00039050421638427764
107,7,700,"No M1 Relief, 1/10x Retainer",SYS_20_(Preload_deformation)\,6.0,_Timestep_00007,_20231210\,SYS_20_(Preload_deformation)\06_Timestep_00007_20231210\Surface_00_Deformation.txt,VNIR,1,on-axis,-254.718953550988,-254.72207887726907,0.0174955271810231,3.0,3.0,4.0,-0.0013657800311871473
108,7,700,"No M1 Relief, 1/10x Retainer",SYS_20_(Preload_deformation)\,6.0,_Timestep_00007,_20231210\,SYS_20_(Preload_deformation)\06_Timestep_00007_20231210\Surface_00_Deformation.txt,VNIR,1,on-axis,-254.718953550988,-254.72207887726907,0.0174955271810231,4.0,3.0,4.0,-0.007431415245727627
109,7,700,"No M1 Relief, 1/10x Retainer",SYS_20_(Preload_deformation)\,6.0,_Timestep_00007,_20231210\,SYS_20_(Preload_deformation)\06_Timestep_00007_20231210\Surface_00_Deformation.txt,VNIR,1,on-axis,-254.718953550988,-254.72207887726907,0.0174955271810231,5.0,3.0,4.0,-0.002471523151823654
110,7,700,"No M1 Relief, 1/10x Retainer",SYS_20_(Preload_deformation)\,6.0,_Timestep_00007,_20231210\,SYS_20_(Preload_deformation)\06_Timestep_00007_20231210\Surface_00_Deformation.txt,VNIR,1,on-axis,-254.718953550988,-254.72207887726907,0.0174955271810231,6.0,3.0,4.0,0.007470588794025827
111,7,700,"No M1 Relief, 1/10x Retainer",SYS_20_(Preload_deformation)\,6.0,_Timestep_00007,_20231210\,SYS_20_(Preload_deformation)\06_Timestep_00007_20231210\Surface_00_Deformation.txt,VNIR,1,on-axis,-254.718953550988,-254.72207887726907,0.0174955271810231,7.0,3.0,4.0,-0.00019816612357358732
112,7,700,"No M1 Relief, 1/10x Retainer",SYS_20_(Preload_deformation)\,6.0,_Timestep_00007,_20231210\,SYS_20_(Preload_deformation)\06_Timestep_00007_20231210\Surface_00_Deformation.txt,VNIR,1,on-axis,-254.718953550988,-254.72207887726907,0.0174955271810231,8.0,3.0,4.0,1.9981139180864747e-05
113,7,700,"No M1 Relief, 1/10x Retainer",SYS_20_(Preload_deformation)\,6.0,_Timestep_00007,_20231210\,SYS_20_(Preload_deformation)\06_Timestep_00007_20231210\Surface_00_Deformation.txt,VNIR,1,on-axis,-254.718953550988,-254.72207887726907,0.0174955271810231,9.0,3.0,4.0,-0.00025766945686969597
114,7,700,"No M1 Relief, 1/10x Retainer",SYS_20_(Preload_deformation)\,6.0,_Timestep_00007,_20231210\,SYS_20_(Preload_deformation)\06_Timestep_00007_20231210\Surface_00_Deformation.txt,VNIR,1,on-axis,-254.718953550988,-254.72207887726907,0.0174955271810231,10.0,3.0,4.0,-0.00020186287175032663
115,7,700,"No M1 Relief, 1/10x Retainer",SYS_20_(Preload_deformation)\,6.0,_Timestep_00007,_20231210\,SYS_20_(Preload_deformation)\06_Timestep_00007_20231210\Surface_00_Deformation.txt,VNIR,1,on-axis,-254.718953550988,-254.72207887726907,0.0174955271810231,11.0,3.0,4.0,0.011648139107463183
116,7,700,"No M1 Relief, 1/10x Retainer",SYS_20_(Preload_deformation)\,6.0,_Timestep_00007,_20231210\,SYS_20_(Preload_deformation)\06_Timestep_00007_20231210\Surface_00_Deformation.txt,VNIR,1,on-axis,-254.718953550988,-254.72207887726907,0.0174955271810231,12.0,3.0,4.0,-0.0012877021051612345
117,7,700,"No M1 Relief, 1/10x Retainer",SYS_20_(Preload_deformation)\,6.0,_Timestep_00007,_20231210\,SYS_20_(Preload_deformation)\06_Timestep_00007_20231210\Surface_00_Deformation.txt,VNIR,1,on-axis,-254.718953550988,-254.72207887726907,0.0174955271810231,13.0,3.0,4.0,0.00040336964529523114
118,7,700,"No M1 Relief, 1/10x Retainer",SYS_20_(Preload_deformation)\,6.0,_Timestep_00007,_20231210\,SYS_20_(Preload_deformation)\06_Timestep_00007_20231210\Surface_00_Deformation.txt,VNIR,1,on-axis,-254.718953550988,-254.72207887726907,0.0174955271810231,14.0,3.0,4.0,-4.959733796724341e-05
119,7,700,"No M1 Relief, 1/10x Retainer",SYS_20_(Preload_deformation)\,6.0,_Timestep_00007,_20231210\,SYS_20_(Preload_deformation)\06_Timestep_00007_20231210\Surface_00_Deformation.txt,VNIR,1,on-axis,-254.718953550988,-254.72207887726907,0.0174955271810231,15.0,3.0,4.0,0.00020115849774675663
120,8,800,"No M1 Relief, 1/10x Retainer",SYS_20_(Preload_deformation)\,10.0,_Timestep_00008,_20231210\,SYS_20_(Preload_deformation)\10_Timestep_00008_20231210\Surface_00_Deformation.txt,VNIR,1,on-axis,-254.718953550988,-254.7224361269356,0.0191916292205923,1.0,3.0,4.0,-0.037191995919482135
121,8,800,"No M1 Relief, 1/10x Retainer",SYS_20_(Preload_deformation)\,10.0,_Timestep_00008,_20231210\,SYS_20_(Preload_deformation)\10_Timestep_00008_20231210\Surface_00_Deformation.txt,VNIR,1,on-axis,-254.718953550988,-254.7224361269356,0.0191916292205923,2.0,3.0,4.0,-0.0007010932357295
122,8,800,"No M1 Relief, 1/10x Retainer",SYS_20_(Preload_deformation)\,10.0,_Timestep_00008,_20231210\,SYS_20_(Preload_deformation)\10_Timestep_00008_20231210\Surface_00_Deformation.txt,VNIR,1,on-axis,-254.718953550988,-254.7224361269356,0.0191916292205923,3.0,3.0,4.0,-0.0010248552915503586
123,8,800,"No M1 Relief, 1/10x Retainer",SYS_20_(Preload_deformation)\,10.0,_Timestep_00008,_20231210\,SYS_20_(Preload_deformation)\10_Timestep_00008_20231210\Surface_00_Deformation.txt,VNIR,1,on-axis,-254.718953550988,-254.7224361269356,0.0191916292205923,4.0,3.0,4.0,-0.006585158220851801
124,8,800,"No M1 Relief, 1/10x Retainer",SYS_20_(Preload_deformation)\,10.0,_Timestep_00008,_20231210\,SYS_20_(Preload_deformation)\10_Timestep_00008_20231210\Surface_00_Deformation.txt,VNIR,1,on-axis,-254.718953550988,-254.7224361269356,0.0191916292205923,5.0,3.0,4.0,-0.0016363832726131926
125,8,800,"No M1 Relief, 1/10x Retainer",SYS_20_(Preload_deformation)\,10.0,_Timestep_00008,_20231210\,SYS_20_(Preload_deformation)\10_Timestep_00008_20231210\Surface_00_Deformation.txt,VNIR,1,on-axis,-254.718953550988,-254.7224361269356,0.0191916292205923,6.0,3.0,4.0,0.008063309367319365
126,8,800,"No M1 Relief, 1/10x Retainer",SYS_20_(Preload_deformation)\,10.0,_Timestep_00008,_20231210\,SYS_20_(Preload_deformation)\10_Timestep_00008_20231210\Surface_00_Deformation.txt,VNIR,1,on-axis,-254.718953550988,-254.7224361269356,0.0191916292205923,7.0,3.0,4.0,-0.0001730996741295299
127,8,800,"No M1 Relief, 1/10x Retainer",SYS_20_(Preload_deformation)\,10.0,_Timestep_00008,_20231210\,SYS_20_(Preload_deformation)\10_Timestep_00008_20231210\Surface_00_Deformation.txt,VNIR,1,on-axis,-254.718953550988,-254.7224361269356,0.0191916292205923,8.0,3.0,4.0,-2.7022666908400923e-05
128,8,800,"No M1 Relief, 1/10x Retainer",SYS_20_(Preload_deformation)\,10.0,_Timestep_00008,_20231210\,SYS_20_(Preload_deformation)\10_Timestep_00008_20231210\Surface_00_Deformation.txt,VNIR,1,on-axis,-254.718953550988,-254.7224361269356,0.0191916292205923,9.0,3.0,4.0,-0.0001922193374169723
129,8,800,"No M1 Relief, 1/10x Retainer",SYS_20_(Preload_deformation)\,10.0,_Timestep_00008,_20231210\,SYS_20_(Preload_deformation)\10_Timestep_00008_20231210\Surface_00_Deformation.txt,VNIR,1,on-axis,-254.718953550988,-254.7224361269356,0.0191916292205923,10.0,3.0,4.0,-0.00017560581017662832
130,8,800,"No M1 Relief, 1/10x Retainer",SYS_20_(Preload_deformation)\,10.0,_Timestep_00008,_20231210\,SYS_20_(Preload_deformation)\10_Timestep_00008_20231210\Surface_00_Deformation.txt,VNIR,1,on-axis,-254.718953550988,-254.7224361269356,0.0191916292205923,11.0,3.0,4.0,0.013507131090219856
131,8,800,"No M1 Relief, 1/10x Retainer",SYS_20_(Preload_deformation)\,10.0,_Timestep_00008,_20231210\,SYS_20_(Preload_deformation)\10_Timestep_00008_20231210\Surface_00_Deformation.txt,VNIR,1,on-axis,-254.718953550988,-254.7224361269356,0.0191916292205923,12.0,3.0,4.0,-0.0013980838466025973
132,8,800,"No M1 Relief, 1/10x Retainer",SYS_20_(Preload_deformation)\,10.0,_Timestep_00008,_20231210\,SYS_20_(Preload_deformation)\10_Timestep_00008_20231210\Surface_00_Deformation.txt,VNIR,1,on-axis,-254.718953550988,-254.7224361269356,0.0191916292205923,13.0,3.0,4.0,0.0002421425772001887
133,8,800,"No M1 Relief, 1/10x Retainer",SYS_20_(Preload_deformation)\,10.0,_Timestep_00008,_20231210\,SYS_20_(Preload_deformation)\10_Timestep_00008_20231210\Surface_00_Deformation.txt,VNIR,1,on-axis,-254.718953550988,-254.7224361269356,0.0191916292205923,14.0,3.0,4.0,-2.4964635941739434e-05
134,8,800,"No M1 Relief, 1/10x Retainer",SYS_20_(Preload_deformation)\,10.0,_Timestep_00008,_20231210\,SYS_20_(Preload_deformation)\10_Timestep_00008_20231210\Surface_00_Deformation.txt,VNIR,1,on-axis,-254.718953550988,-254.7224361269356,0.0191916292205923,15.0,3.0,4.0,0.00018153294119788743
135,9,900,"No M1 Relief, 1/10x Retainer",SYS_20_(Preload_deformation)\,14.0,_Timestep_00009,_20231210\,SYS_20_(Preload_deformation)\14_Timestep_00009_20231210\Surface_00_Deformation.txt,VNIR,1,on-axis,-254.718953550988,-254.7227746730988,0.0203382377502343,1.0,3.0,4.0,-0.026665804840437846
136,9,900,"No M1 Relief, 1/10x Retainer",SYS_20_(Preload_deformation)\,14.0,_Timestep_00009,_20231210\,SYS_20_(Preload_deformation)\14_Timestep_00009_20231210\Surface_00_Deformation.txt,VNIR,1,on-axis,-254.718953550988,-254.7227746730988,0.0203382377502343,2.0,3.0,4.0,-0.0009439628127683898
137,9,900,"No M1 Relief, 1/10x Retainer",SYS_20_(Preload_deformation)\,14.0,_Timestep_00009,_20231210\,SYS_20_(Preload_deformation)\14_Timestep_00009_20231210\Surface_00_Deformation.txt,VNIR,1,on-axis,-254.718953550988,-254.7227746730988,0.0203382377502343,3.0,3.0,4.0,-0.0008927212409983796
138,9,900,"No M1 Relief, 1/10x Retainer",SYS_20_(Preload_deformation)\,14.0,_Timestep_00009,_20231210\,SYS_20_(Preload_deformation)\14_Timestep_00009_20231210\Surface_00_Deformation.txt,VNIR,1,on-axis,-254.718953550988,-254.7227746730988,0.0203382377502343,4.0,3.0,4.0,-0.005773213661179344
139,9,900,"No M1 Relief, 1/10x Retainer",SYS_20_(Preload_deformation)\,14.0,_Timestep_00009,_20231210\,SYS_20_(Preload_deformation)\14_Timestep_00009_20231210\Surface_00_Deformation.txt,VNIR,1,on-axis,-254.718953550988,-254.7227746730988,0.0203382377502343,5.0,3.0,4.0,-0.0007142810116171313
140,9,900,"No M1 Relief, 1/10x Retainer",SYS_20_(Preload_deformation)\,14.0,_Timestep_00009,_20231210\,SYS_20_(Preload_deformation)\14_Timestep_00009_20231210\Surface_00_Deformation.txt,VNIR,1,on-axis,-254.718953550988,-254.7227746730988,0.0203382377502343,6.0,3.0,4.0,0.007297517546088175
141,9,900,"No M1 Relief, 1/10x Retainer",SYS_20_(Preload_deformation)\,14.0,_Timestep_00009,_20231210\,SYS_20_(Preload_deformation)\14_Timestep_00009_20231210\Surface_00_Deformation.txt,VNIR,1,on-axis,-254.718953550988,-254.7227746730988,0.0203382377502343,7.0,3.0,4.0,-0.00017080051875977744
142,9,900,"No M1 Relief, 1/10x Retainer",SYS_20_(Preload_deformation)\,14.0,_Timestep_00009,_20231210\,SYS_20_(Preload_deformation)\14_Timestep_00009_20231210\Surface_00_Deformation.txt,VNIR,1,on-axis,-254.718953550988,-254.7227746730988,0.0203382377502343,8.0,3.0,4.0,-6.638295005452542e-05
143,9,900,"No M1 Relief, 1/10x Retainer",SYS_20_(Preload_deformation)\,14.0,_Timestep_00009,_20231210\,SYS_20_(Preload_deformation)\14_Timestep_00009_20231210\Surface_00_Deformation.txt,VNIR,1,on-axis,-254.718953550988,-254.7227746730988,0.0203382377502343,9.0,3.0,4.0,-0.00013123591023482507
144,9,900,"No M1 Relief, 1/10x Retainer",SYS_20_(Preload_deformation)\,14.0,_Timestep_00009,_20231210\,SYS_20_(Preload_deformation)\14_Timestep_00009_20231210\Surface_00_Deformation.txt,VNIR,1,on-axis,-254.718953550988,-254.7227746730988,0.0203382377502343,10.0,3.0,4.0,-0.00017401170747564468
145,9,900,"No M1 Relief, 1/10x Retainer",SYS_20_(Preload_deformation)\,14.0,_Timestep_00009,_20231210\,SYS_20_(Preload_deformation)\14_Timestep_00009_20231210\Surface_00_Deformation.txt,VNIR,1,on-axis,-254.718953550988,-254.7227746730988,0.0203382377502343,11.0,3.0,4.0,0.01524083043607224
146,9,900,"No M1 Relief, 1/10x Retainer",SYS_20_(Preload_deformation)\,14.0,_Timestep_00009,_20231210\,SYS_20_(Preload_deformation)\14_Timestep_00009_20231210\Surface_00_Deformation.txt,VNIR,1,on-axis,-254.718953550988,-254.7227746730988,0.0203382377502343,12.0,3.0,4.0,-0.001271659397362437
147,9,900,"No M1 Relief, 1/10x Retainer",SYS_20_(Preload_deformation)\,14.0,_Timestep_00009,_20231210\,SYS_20_(Preload_deformation)\14_Timestep_00009_20231210\Surface_00_Deformation.txt,VNIR,1,on-axis,-254.718953550988,-254.7227746730988,0.0203382377502343,13.0,3.0,4.0,4.915395366523402e-05
148,9,900,"No M1 Relief, 1/10x Retainer",SYS_20_(Preload_deformation)\,14.0,_Timestep_00009,_20231210\,SYS_20_(Preload_deformation)\14_Timestep_00009_20231210\Surface_00_Deformation.txt,VNIR,1,on-axis,-254.718953550988,-254.7227746730988,0.0203382377502343,14.0,3.0,4.0,3.128600356416143e-06
149,9,900,"No M1 Relief, 1/10x Retainer",SYS_20_(Preload_deformation)\,14.0,_Timestep_00009,_20231210\,SYS_20_(Preload_deformation)\14_Timestep_00009_20231210\Surface_00_Deformation.txt,VNIR,1,on-axis,-254.718953550988,-254.7227746730988,0.0203382377502343,15.0,3.0,4.0,0.00015030536020045336
150,10,1000,"No M1 Relief, 1/10x Retainer",SYS_20_(Preload_deformation)\,18.0,_Timestep_00010,_20231210\,SYS_20_(Preload_deformation)\18_Timestep_00010_20231210\Surface_00_Deformation.txt,VNIR,1,on-axis,-254.718953550988,-254.7230832916488,0.0213822150198716,1.0,3.0,4.0,-0.016399814903848002
151,10,1000,"No M1 Relief, 1/10x Retainer",SYS_20_(Preload_deformation)\,18.0,_Timestep_00010,_20231210\,SYS_20_(Preload_deformation)\18_Timestep_00010_20231210\Surface_00_Deformation.txt,VNIR,1,on-axis,-254.718953550988,-254.7230832916488,0.0213822150198716,2.0,3.0,4.0,-0.0009020495730203307
152,10,1000,"No M1 Relief, 1/10x Retainer",SYS_20_(Preload_deformation)\,18.0,_Timestep_00010,_20231210\,SYS_20_(Preload_deformation)\18_Timestep_00010_20231210\Surface_00_Deformation.txt,VNIR,1,on-axis,-254.718953550988,-254.7230832916488,0.0213822150198716,3.0,3.0,4.0,-0.0006171692891239894
153,10,1000,"No M1 Relief, 1/10x Retainer",SYS_20_(Preload_deformation)\,18.0,_Timestep_00010,_20231210\,SYS_20_(Preload_deformation)\18_Timestep_00010_20231210\Surface_00_Deformation.txt,VNIR,1,on-axis,-254.718953550988,-254.7230832916488,0.0213822150198716,4.0,3.0,4.0,-0.004650199596168557
154,10,1000,"No M1 Relief, 1/10x Retainer",SYS_20_(Preload_deformation)\,18.0,_Timestep_00010,_20231210\,SYS_20_(Preload_deformation)\18_Timestep_00010_20231210\Surface_00_Deformation.txt,VNIR,1,on-axis,-254.718953550988,-254.7230832916488,0.0213822150198716,5.0,3.0,4.0,-0.0007720537799394022
155,10,1000,"No M1 Relief, 1/10x Retainer",SYS_20_(Preload_deformation)\,18.0,_Timestep_00010,_20231210\,SYS_20_(Preload_deformation)\18_Timestep_00010_20231210\Surface_00_Deformation.txt,VNIR,1,on-axis,-254.718953550988,-254.7230832916488,0.0213822150198716,6.0,3.0,4.0,0.006197931054344075
156,10,1000,"No M1 Relief, 1/10x Retainer",SYS_20_(Preload_deformation)\,18.0,_Timestep_00010,_20231210\,SYS_20_(Preload_deformation)\18_Timestep_00010_20231210\Surface_00_Deformation.txt,VNIR,1,on-axis,-254.718953550988,-254.7230832916488,0.0213822150198716,7.0,3.0,4.0,-0.00014062616851215554
157,10,1000,"No M1 Relief, 1/10x Retainer",SYS_20_(Preload_deformation)\,18.0,_Timestep_00010,_20231210\,SYS_20_(Preload_deformation)\18_Timestep_00010_20231210\Surface_00_Deformation.txt,VNIR,1,on-axis,-254.718953550988,-254.7230832916488,0.0213822150198716,8.0,3.0,4.0,-6.22753442629293e-05
158,10,1000,"No M1 Relief, 1/10x Retainer",SYS_20_(Preload_deformation)\,18.0,_Timestep_00010,_20231210\,SYS_20_(Preload_deformation)\18_Timestep_00010_20231210\Surface_00_Deformation.txt,VNIR,1,on-axis,-254.718953550988,-254.7230832916488,0.0213822150198716,9.0,3.0,4.0,-0.0001110041361252685
159,10,1000,"No M1 Relief, 1/10x Retainer",SYS_20_(Preload_deformation)\,18.0,_Timestep_00010,_20231210\,SYS_20_(Preload_deformation)\18_Timestep_00010_20231210\Surface_00_Deformation.txt,VNIR,1,on-axis,-254.718953550988,-254.7230832916488,0.0213822150198716,10.0,3.0,4.0,-0.00015910336155648986
160,10,1000,"No M1 Relief, 1/10x Retainer",SYS_20_(Preload_deformation)\,18.0,_Timestep_00010,_20231210\,SYS_20_(Preload_deformation)\18_Timestep_00010_20231210\Surface_00_Deformation.txt,VNIR,1,on-axis,-254.718953550988,-254.7230832916488,0.0213822150198716,11.0,3.0,4.0,0.016809710536375057
161,10,1000,"No M1 Relief, 1/10x Retainer",SYS_20_(Preload_deformation)\,18.0,_Timestep_00010,_20231210\,SYS_20_(Preload_deformation)\18_Timestep_00010_20231210\Surface_00_Deformation.txt,VNIR,1,on-axis,-254.718953550988,-254.7230832916488,0.0213822150198716,12.0,3.0,4.0,-0.001088055441416616
162,10,1000,"No M1 Relief, 1/10x Retainer",SYS_20_(Preload_deformation)\,18.0,_Timestep_00010,_20231210\,SYS_20_(Preload_deformation)\18_Timestep_00010_20231210\Surface_00_Deformation.txt,VNIR,1,on-axis,-254.718953550988,-254.7230832916488,0.0213822150198716,13.0,3.0,4.0,3.0109047225038823e-05
163,10,1000,"No M1 Relief, 1/10x Retainer",SYS_20_(Preload_deformation)\,18.0,_Timestep_00010,_20231210\,SYS_20_(Preload_deformation)\18_Timestep_00010_20231210\Surface_00_Deformation.txt,VNIR,1,on-axis,-254.718953550988,-254.7230832916488,0.0213822150198716,14.0,3.0,4.0,-4.067692141802204e-06
164,10,1000,"No M1 Relief, 1/10x Retainer",SYS_20_(Preload_deformation)\,18.0,_Timestep_00010,_20231210\,SYS_20_(Preload_deformation)\18_Timestep_00010_20231210\Surface_00_Deformation.txt,VNIR,1,on-axis,-254.718953550988,-254.7230832916488,0.0213822150198716,15.0,3.0,4.0,0.00012544441953079777
165,11,1100,"No M1 Relief, 1/10x Retainer",SYS_20_(Preload_deformation)\,22.0,_Timestep_00011,_20231210\,SYS_20_(Preload_deformation)\22_Timestep_00011_20231210\Surface_00_Deformation.txt,VNIR,1,on-axis,-254.718953550988,-254.7233739998888,0.0225365669298285,1.0,3.0,4.0,-0.008135023968540208
166,11,1100,"No M1 Relief, 1/10x Retainer",SYS_20_(Preload_deformation)\,22.0,_Timestep_00011,_20231210\,SYS_20_(Preload_deformation)\22_Timestep_00011_20231210\Surface_00_Deformation.txt,VNIR,1,on-axis,-254.718953550988,-254.7233739998888,0.0225365669298285,2.0,3.0,4.0,-0.0007310143707291401
167,11,1100,"No M1 Relief, 1/10x Retainer",SYS_20_(Preload_deformation)\,22.0,_Timestep_00011,_20231210\,SYS_20_(Preload_deformation)\22_Timestep_00011_20231210\Surface_00_Deformation.txt,VNIR,1,on-axis,-254.718953550988,-254.7233739998888,0.0225365669298285,3.0,3.0,4.0,-0.00028341577616748426
168,11,1100,"No M1 Relief, 1/10x Retainer",SYS_20_(Preload_deformation)\,22.0,_Timestep_00011,_20231210\,SYS_20_(Preload_deformation)\22_Timestep_00011_20231210\Surface_00_Deformation.txt,VNIR,1,on-axis,-254.718953550988,-254.7233739998888,0.0225365669298285,4.0,3.0,4.0,-0.004008745690479042
169,11,1100,"No M1 Relief, 1/10x Retainer",SYS_20_(Preload_deformation)\,22.0,_Timestep_00011,_20231210\,SYS_20_(Preload_deformation)\22_Timestep_00011_20231210\Surface_00_Deformation.txt,VNIR,1,on-axis,-254.718953550988,-254.7233739998888,0.0225365669298285,5.0,3.0,4.0,-0.00035393658828923277
170,11,1100,"No M1 Relief, 1/10x Retainer",SYS_20_(Preload_deformation)\,22.0,_Timestep_00011,_20231210\,SYS_20_(Preload_deformation)\22_Timestep_00011_20231210\Surface_00_Deformation.txt,VNIR,1,on-axis,-254.718953550988,-254.7233739998888,0.0225365669298285,6.0,3.0,4.0,0.0054831664125427814
171,11,1100,"No M1 Relief, 1/10x Retainer",SYS_20_(Preload_deformation)\,22.0,_Timestep_00011,_20231210\,SYS_20_(Preload_deformation)\22_Timestep_00011_20231210\Surface_00_Deformation.txt,VNIR,1,on-axis,-254.718953550988,-254.7233739998888,0.0225365669298285,7.0,3.0,4.0,-9.623439087857571e-05
172,11,1100,"No M1 Relief, 1/10x Retainer",SYS_20_(Preload_deformation)\,22.0,_Timestep_00011,_20231210\,SYS_20_(Preload_deformation)\22_Timestep_00011_20231210\Surface_00_Deformation.txt,VNIR,1,on-axis,-254.718953550988,-254.7233739998888,0.0225365669298285,8.0,3.0,4.0,-4.605251315553376e-05
173,11,1100,"No M1 Relief, 1/10x Retainer",SYS_20_(Preload_deformation)\,22.0,_Timestep_00011,_20231210\,SYS_20_(Preload_deformation)\22_Timestep_00011_20231210\Surface_00_Deformation.txt,VNIR,1,on-axis,-254.718953550988,-254.7233739998888,0.0225365669298285,9.0,3.0,4.0,-0.0001234377935715875
174,11,1100,"No M1 Relief, 1/10x Retainer",SYS_20_(Preload_deformation)\,22.0,_Timestep_00011,_20231210\,SYS_20_(Preload_deformation)\22_Timestep_00011_20231210\Surface_00_Deformation.txt,VNIR,1,on-axis,-254.718953550988,-254.7233739998888,0.0225365669298285,10.0,3.0,4.0,-0.00019256426215851622
175,11,1100,"No M1 Relief, 1/10x Retainer",SYS_20_(Preload_deformation)\,22.0,_Timestep_00011,_20231210\,SYS_20_(Preload_deformation)\22_Timestep_00011_20231210\Surface_00_Deformation.txt,VNIR,1,on-axis,-254.718953550988,-254.7233739998888,0.0225365669298285,11.0,3.0,4.0,0.018291691993194945
176,11,1100,"No M1 Relief, 1/10x Retainer",SYS_20_(Preload_deformation)\,22.0,_Timestep_00011,_20231210\,SYS_20_(Preload_deformation)\22_Timestep_00011_20231210\Surface_00_Deformation.txt,VNIR,1,on-axis,-254.718953550988,-254.7233739998888,0.0225365669298285,12.0,3.0,4.0,-0.0009761129103764354
177,11,1100,"No M1 Relief, 1/10x Retainer",SYS_20_(Preload_deformation)\,22.0,_Timestep_00011,_20231210\,SYS_20_(Preload_deformation)\22_Timestep_00011_20231210\Surface_00_Deformation.txt,VNIR,1,on-axis,-254.718953550988,-254.7233739998888,0.0225365669298285,13.0,3.0,4.0,-5.7127015029913556e-05
178,11,1100,"No M1 Relief, 1/10x Retainer",SYS_20_(Preload_deformation)\,22.0,_Timestep_00011,_20231210\,SYS_20_(Preload_deformation)\22_Timestep_00011_20231210\Surface_00_Deformation.txt,VNIR,1,on-axis,-254.718953550988,-254.7233739998888,0.0225365669298285,14.0,3.0,4.0,-8.029888081674203e-06
179,11,1100,"No M1 Relief, 1/10x Retainer",SYS_20_(Preload_deformation)\,22.0,_Timestep_00011,_20231210\,SYS_20_(Preload_deformation)\22_Timestep_00011_20231210\Surface_00_Deformation.txt,VNIR,1,on-axis,-254.718953550988,-254.7233739998888,0.0225365669298285,15.0,3.0,4.0,0.0001144681740333047
180,12,1200,"No M1 Relief, 1/10x Retainer",SYS_20_(Preload_deformation)\,26.0,_Timestep_00012,_20231210\,SYS_20_(Preload_deformation)\26_Timestep_00012_20231210\Surface_00_Deformation.txt,VNIR,1,on-axis,-254.718953550988,-254.7236505119824,0.0236977643467646,1.0,3.0,4.0,-0.0006940466566840434
181,12,1200,"No M1 Relief, 1/10x Retainer",SYS_20_(Preload_deformation)\,26.0,_Timestep_00012,_20231210\,SYS_20_(Preload_deformation)\26_Timestep_00012_20231210\Surface_00_Deformation.txt,VNIR,1,on-axis,-254.718953550988,-254.7236505119824,0.0236977643467646,2.0,3.0,4.0,-0.0005204319573460041
182,12,1200,"No M1 Relief, 1/10x Retainer",SYS_20_(Preload_deformation)\,26.0,_Timestep_00012,_20231210\,SYS_20_(Preload_deformation)\26_Timestep_00012_20231210\Surface_00_Deformation.txt,VNIR,1,on-axis,-254.718953550988,-254.7236505119824,0.0236977643467646,3.0,3.0,4.0,-6.72429355829919e-05
183,12,1200,"No M1 Relief, 1/10x Retainer",SYS_20_(Preload_deformation)\,26.0,_Timestep_00012,_20231210\,SYS_20_(Preload_deformation)\26_Timestep_00012_20231210\Surface_00_Deformation.txt,VNIR,1,on-axis,-254.718953550988,-254.7236505119824,0.0236977643467646,4.0,3.0,4.0,-0.0035338768329828576
184,12,1200,"No M1 Relief, 1/10x Retainer",SYS_20_(Preload_deformation)\,26.0,_Timestep_00012,_20231210\,SYS_20_(Preload_deformation)\26_Timestep_00012_20231210\Surface_00_Deformation.txt,VNIR,1,on-axis,-254.718953550988,-254.7236505119824,0.0236977643467646,5.0,3.0,4.0,-0.0003824882721748438
185,12,1200,"No M1 Relief, 1/10x Retainer",SYS_20_(Preload_deformation)\,26.0,_Timestep_00012,_20231210\,SYS_20_(Preload_deformation)\26_Timestep_00012_20231210\Surface_00_Deformation.txt,VNIR,1,on-axis,-254.718953550988,-254.7236505119824,0.0236977643467646,6.0,3.0,4.0,0.004786797103445325
186,12,1200,"No M1 Relief, 1/10x Retainer",SYS_20_(Preload_deformation)\,26.0,_Timestep_00012,_20231210\,SYS_20_(Preload_deformation)\26_Timestep_00012_20231210\Surface_00_Deformation.txt,VNIR,1,on-axis,-254.718953550988,-254.7236505119824,0.0236977643467646,7.0,3.0,4.0,-6.805461652460383e-05
187,12,1200,"No M1 Relief, 1/10x Retainer",SYS_20_(Preload_deformation)\,26.0,_Timestep_00012,_20231210\,SYS_20_(Preload_deformation)\26_Timestep_00012_20231210\Surface_00_Deformation.txt,VNIR,1,on-axis,-254.718953550988,-254.7236505119824,0.0236977643467646,8.0,3.0,4.0,-1.869059312050156e-05
188,12,1200,"No M1 Relief, 1/10x Retainer",SYS_20_(Preload_deformation)\,26.0,_Timestep_00012,_20231210\,SYS_20_(Preload_deformation)\26_Timestep_00012_20231210\Surface_00_Deformation.txt,VNIR,1,on-axis,-254.718953550988,-254.7236505119824,0.0236977643467646,9.0,3.0,4.0,-0.0001375784717509466
189,12,1200,"No M1 Relief, 1/10x Retainer",SYS_20_(Preload_deformation)\,26.0,_Timestep_00012,_20231210\,SYS_20_(Preload_deformation)\26_Timestep_00012_20231210\Surface_00_Deformation.txt,VNIR,1,on-axis,-254.718953550988,-254.7236505119824,0.0236977643467646,10.0,3.0,4.0,-0.0002201169651426146
190,12,1200,"No M1 Relief, 1/10x Retainer",SYS_20_(Preload_deformation)\,26.0,_Timestep_00012,_20231210\,SYS_20_(Preload_deformation)\26_Timestep_00012_20231210\Surface_00_Deformation.txt,VNIR,1,on-axis,-254.718953550988,-254.7236505119824,0.0236977643467646,11.0,3.0,4.0,0.01970556645157384
191,12,1200,"No M1 Relief, 1/10x Retainer",SYS_20_(Preload_deformation)\,26.0,_Timestep_00012,_20231210\,SYS_20_(Preload_deformation)\26_Timestep_00012_20231210\Surface_00_Deformation.txt,VNIR,1,on-axis,-254.718953550988,-254.7236505119824,0.0236977643467646,12.0,3.0,4.0,-0.0008771087696168124
192,12,1200,"No M1 Relief, 1/10x Retainer",SYS_20_(Preload_deformation)\,26.0,_Timestep_00012,_20231210\,SYS_20_(Preload_deformation)\26_Timestep_00012_20231210\Surface_00_Deformation.txt,VNIR,1,on-axis,-254.718953550988,-254.7236505119824,0.0236977643467646,13.0,3.0,4.0,-7.0113684536169e-05
193,12,1200,"No M1 Relief, 1/10x Retainer",SYS_20_(Preload_deformation)\,26.0,_Timestep_00012,_20231210\,SYS_20_(Preload_deformation)\26_Timestep_00012_20231210\Surface_00_Deformation.txt,VNIR,1,on-axis,-254.718953550988,-254.7236505119824,0.0236977643467646,14.0,3.0,4.0,-4.936943798392235e-05
194,12,1200,"No M1 Relief, 1/10x Retainer",SYS_20_(Preload_deformation)\,26.0,_Timestep_00012,_20231210\,SYS_20_(Preload_deformation)\26_Timestep_00012_20231210\Surface_00_Deformation.txt,VNIR,1,on-axis,-254.718953550988,-254.7236505119824,0.0236977643467646,15.0,3.0,4.0,0.00011632890185723194
195,13,1300,"No M1 Relief, 1/10x Retainer",SYS_20_(Preload_deformation)\,30.0,_Timestep_00013,_20231210\,SYS_20_(Preload_deformation)\30_Timestep_00013_20231210\Surface_00_Deformation.txt,VNIR,1,on-axis,-254.718953550988,-254.723922730161,0.0249794370693171,1.0,3.0,4.0,0.005539291125672356
196,13,1300,"No M1 Relief, 1/10x Retainer",SYS_20_(Preload_deformation)\,30.0,_Timestep_00013,_20231210\,SYS_20_(Preload_deformation)\30_Timestep_00013_20231210\Surface_00_Deformation.txt,VNIR,1,on-axis,-254.718953550988,-254.723922730161,0.0249794370693171,2.0,3.0,4.0,-0.00033733407001841165
197,13,1300,"No M1 Relief, 1/10x Retainer",SYS_20_(Preload_deformation)\,30.0,_Timestep_00013,_20231210\,SYS_20_(Preload_deformation)\30_Timestep_00013_20231210\Surface_00_Deformation.txt,VNIR,1,on-axis,-254.718953550988,-254.723922730161,0.0249794370693171,3.0,3.0,4.0,0.00022292305648154593
198,13,1300,"No M1 Relief, 1/10x Retainer",SYS_20_(Preload_deformation)\,30.0,_Timestep_00013,_20231210\,SYS_20_(Preload_deformation)\30_Timestep_00013_20231210\Surface_00_Deformation.txt,VNIR,1,on-axis,-254.718953550988,-254.723922730161,0.0249794370693171,4.0,3.0,4.0,-0.0034270959594942772
199,13,1300,"No M1 Relief, 1/10x Retainer",SYS_20_(Preload_deformation)\,30.0,_Timestep_00013,_20231210\,SYS_20_(Preload_deformation)\30_Timestep_00013_20231210\Surface_00_Deformation.txt,VNIR,1,on-axis,-254.718953550988,-254.723922730161,0.0249794370693171,5.0,3.0,4.0,-0.0005077626913419374
200,13,1300,"No M1 Relief, 1/10x Retainer",SYS_20_(Preload_deformation)\,30.0,_Timestep_00013,_20231210\,SYS_20_(Preload_deformation)\30_Timestep_00013_20231210\Surface_00_Deformation.txt,VNIR,1,on-axis,-254.718953550988,-254.723922730161,0.0249794370693171,6.0,3.0,4.0,0.004585824245098371
201,13,1300,"No M1 Relief, 1/10x Retainer",SYS_20_(Preload_deformation)\,30.0,_Timestep_00013,_20231210\,SYS_20_(Preload_deformation)\30_Timestep_00013_20231210\Surface_00_Deformation.txt,VNIR,1,on-axis,-254.718953550988,-254.723922730161,0.0249794370693171,7.0,3.0,4.0,-2.6640748232209927e-05
202,13,1300,"No M1 Relief, 1/10x Retainer",SYS_20_(Preload_deformation)\,30.0,_Timestep_00013,_20231210\,SYS_20_(Preload_deformation)\30_Timestep_00013_20231210\Surface_00_Deformation.txt,VNIR,1,on-axis,-254.718953550988,-254.723922730161,0.0249794370693171,8.0,3.0,4.0,5.79115580241527e-06
203,13,1300,"No M1 Relief, 1/10x Retainer",SYS_20_(Preload_deformation)\,30.0,_Timestep_00013,_20231210\,SYS_20_(Preload_deformation)\30_Timestep_00013_20231210\Surface_00_Deformation.txt,VNIR,1,on-axis,-254.718953550988,-254.723922730161,0.0249794370693171,9.0,3.0,4.0,-0.00015209844614915671
204,13,1300,"No M1 Relief, 1/10x Retainer",SYS_20_(Preload_deformation)\,30.0,_Timestep_00013,_20231210\,SYS_20_(Preload_deformation)\30_Timestep_00013_20231210\Surface_00_Deformation.txt,VNIR,1,on-axis,-254.718953550988,-254.723922730161,0.0249794370693171,10.0,3.0,4.0,-0.000216868669118621
205,13,1300,"No M1 Relief, 1/10x Retainer",SYS_20_(Preload_deformation)\,30.0,_Timestep_00013,_20231210\,SYS_20_(Preload_deformation)\30_Timestep_00013_20231210\Surface_00_Deformation.txt,VNIR,1,on-axis,-254.718953550988,-254.723922730161,0.0249794370693171,11.0,3.0,4.0,0.021101611465055247
206,13,1300,"No M1 Relief, 1/10x Retainer",SYS_20_(Preload_deformation)\,30.0,_Timestep_00013,_20231210\,SYS_20_(Preload_deformation)\30_Timestep_00013_20231210\Surface_00_Deformation.txt,VNIR,1,on-axis,-254.718953550988,-254.723922730161,0.0249794370693171,12.0,3.0,4.0,-0.0008585661107793344
207,13,1300,"No M1 Relief, 1/10x Retainer",SYS_20_(Preload_deformation)\,30.0,_Timestep_00013,_20231210\,SYS_20_(Preload_deformation)\30_Timestep_00013_20231210\Surface_00_Deformation.txt,VNIR,1,on-axis,-254.718953550988,-254.723922730161,0.0249794370693171,13.0,3.0,4.0,-5.829236627602761e-05
208,13,1300,"No M1 Relief, 1/10x Retainer",SYS_20_(Preload_deformation)\,30.0,_Timestep_00013,_20231210\,SYS_20_(Preload_deformation)\30_Timestep_00013_20231210\Surface_00_Deformation.txt,VNIR,1,on-axis,-254.718953550988,-254.723922730161,0.0249794370693171,14.0,3.0,4.0,-9.858759139122307e-05
209,13,1300,"No M1 Relief, 1/10x Retainer",SYS_20_(Preload_deformation)\,30.0,_Timestep_00013,_20231210\,SYS_20_(Preload_deformation)\30_Timestep_00013_20231210\Surface_00_Deformation.txt,VNIR,1,on-axis,-254.718953550988,-254.723922730161,0.0249794370693171,15.0,3.0,4.0,0.0001172149591500162
210,14,1400,"No M1 Relief, 1/10x Retainer",SYS_20_(Preload_deformation)\,34.0,_Timestep_00014,_20231210\,SYS_20_(Preload_deformation)\34_Timestep_00014_20231210\Surface_00_Deformation.txt,VNIR,1,on-axis,-254.718953550988,-254.7241935719178,0.0263104280048892,1.0,3.0,4.0,0.01145241441584248
211,14,1400,"No M1 Relief, 1/10x Retainer",SYS_20_(Preload_deformation)\,34.0,_Timestep_00014,_20231210\,SYS_20_(Preload_deformation)\34_Timestep_00014_20231210\Surface_00_Deformation.txt,VNIR,1,on-axis,-254.718953550988,-254.7241935719178,0.0263104280048892,2.0,3.0,4.0,-0.000276605469520795
212,14,1400,"No M1 Relief, 1/10x Retainer",SYS_20_(Preload_deformation)\,34.0,_Timestep_00014,_20231210\,SYS_20_(Preload_deformation)\34_Timestep_00014_20231210\Surface_00_Deformation.txt,VNIR,1,on-axis,-254.718953550988,-254.7241935719178,0.0263104280048892,3.0,3.0,4.0,0.00035226821058001716
213,14,1400,"No M1 Relief, 1/10x Retainer",SYS_20_(Preload_deformation)\,34.0,_Timestep_00014,_20231210\,SYS_20_(Preload_deformation)\34_Timestep_00014_20231210\Surface_00_Deformation.txt,VNIR,1,on-axis,-254.718953550988,-254.7241935719178,0.0263104280048892,4.0,3.0,4.0,-0.0034092946991344563
214,14,1400,"No M1 Relief, 1/10x Retainer",SYS_20_(Preload_deformation)\,34.0,_Timestep_00014,_20231210\,SYS_20_(Preload_deformation)\34_Timestep_00014_20231210\Surface_00_Deformation.txt,VNIR,1,on-axis,-254.718953550988,-254.7241935719178,0.0263104280048892,5.0,3.0,4.0,-0.0004619080172431443
215,14,1400,"No M1 Relief, 1/10x Retainer",SYS_20_(Preload_deformation)\,34.0,_Timestep_00014,_20231210\,SYS_20_(Preload_deformation)\34_Timestep_00014_20231210\Surface_00_Deformation.txt,VNIR,1,on-axis,-254.718953550988,-254.7241935719178,0.0263104280048892,6.0,3.0,4.0,0.004606634844133653
216,14,1400,"No M1 Relief, 1/10x Retainer",SYS_20_(Preload_deformation)\,34.0,_Timestep_00014,_20231210\,SYS_20_(Preload_deformation)\34_Timestep_00014_20231210\Surface_00_Deformation.txt,VNIR,1,on-axis,-254.718953550988,-254.7241935719178,0.0263104280048892,7.0,3.0,4.0,-5.3381393467848726e-06
217,14,1400,"No M1 Relief, 1/10x Retainer",SYS_20_(Preload_deformation)\,34.0,_Timestep_00014,_20231210\,SYS_20_(Preload_deformation)\34_Timestep_00014_20231210\Surface_00_Deformation.txt,VNIR,1,on-axis,-254.718953550988,-254.7241935719178,0.0263104280048892,8.0,3.0,4.0,1.9092719789619624e-05
218,14,1400,"No M1 Relief, 1/10x Retainer",SYS_20_(Preload_deformation)\,34.0,_Timestep_00014,_20231210\,SYS_20_(Preload_deformation)\34_Timestep_00014_20231210\Surface_00_Deformation.txt,VNIR,1,on-axis,-254.718953550988,-254.7241935719178,0.0263104280048892,9.0,3.0,4.0,-0.00015757740461729678
219,14,1400,"No M1 Relief, 1/10x Retainer",SYS_20_(Preload_deformation)\,34.0,_Timestep_00014,_20231210\,SYS_20_(Preload_deformation)\34_Timestep_00014_20231210\Surface_00_Deformation.txt,VNIR,1,on-axis,-254.718953550988,-254.7241935719178,0.0263104280048892,10.0,3.0,4.0,-0.00019279305956806716
220,14,1400,"No M1 Relief, 1/10x Retainer",SYS_20_(Preload_deformation)\,34.0,_Timestep_00014,_20231210\,SYS_20_(Preload_deformation)\34_Timestep_00014_20231210\Surface_00_Deformation.txt,VNIR,1,on-axis,-254.718953550988,-254.7241935719178,0.0263104280048892,11.0,3.0,4.0,0.02248854495900861
221,14,1400,"No M1 Relief, 1/10x Retainer",SYS_20_(Preload_deformation)\,34.0,_Timestep_00014,_20231210\,SYS_20_(Preload_deformation)\34_Timestep_00014_20231210\Surface_00_Deformation.txt,VNIR,1,on-axis,-254.718953550988,-254.7241935719178,0.0263104280048892,12.0,3.0,4.0,-0.0008734750577080709
222,14,1400,"No M1 Relief, 1/10x Retainer",SYS_20_(Preload_deformation)\,34.0,_Timestep_00014,_20231210\,SYS_20_(Preload_deformation)\34_Timestep_00014_20231210\Surface_00_Deformation.txt,VNIR,1,on-axis,-254.718953550988,-254.7241935719178,0.0263104280048892,13.0,3.0,4.0,-7.158199649106933e-05
223,14,1400,"No M1 Relief, 1/10x Retainer",SYS_20_(Preload_deformation)\,34.0,_Timestep_00014,_20231210\,SYS_20_(Preload_deformation)\34_Timestep_00014_20231210\Surface_00_Deformation.txt,VNIR,1,on-axis,-254.718953550988,-254.7241935719178,0.0263104280048892,14.0,3.0,4.0,-0.0001514534430531096
224,14,1400,"No M1 Relief, 1/10x Retainer",SYS_20_(Preload_deformation)\,34.0,_Timestep_00014,_20231210\,SYS_20_(Preload_deformation)\34_Timestep_00014_20231210\Surface_00_Deformation.txt,VNIR,1,on-axis,-254.718953550988,-254.7241935719178,0.0263104280048892,15.0,3.0,4.0,0.00011975082533478685
225,15,1500,"No M1 Relief, 1/10x Retainer",SYS_20_(Preload_deformation)\,38.0,_Timestep_00015,_20231210\,SYS_20_(Preload_deformation)\38_Timestep_00015_20231210\Surface_00_Deformation.txt,VNIR,1,on-axis,-254.718953550988,-254.72446230249508,0.0276582623960605,1.0,3.0,4.0,0.01734457721458561
226,15,1500,"No M1 Relief, 1/10x Retainer",SYS_20_(Preload_deformation)\,38.0,_Timestep_00015,_20231210\,SYS_20_(Preload_deformation)\38_Timestep_00015_20231210\Surface_00_Deformation.txt,VNIR,1,on-axis,-254.718953550988,-254.72446230249508,0.0276582623960605,2.0,3.0,4.0,-0.00017823249843752515
227,15,1500,"No M1 Relief, 1/10x Retainer",SYS_20_(Preload_deformation)\,38.0,_Timestep_00015,_20231210\,SYS_20_(Preload_deformation)\38_Timestep_00015_20231210\Surface_00_Deformation.txt,VNIR,1,on-axis,-254.718953550988,-254.72446230249508,0.0276582623960605,3.0,3.0,4.0,0.00041801360198650455
228,15,1500,"No M1 Relief, 1/10x Retainer",SYS_20_(Preload_deformation)\,38.0,_Timestep_00015,_20231210\,SYS_20_(Preload_deformation)\38_Timestep_00015_20231210\Surface_00_Deformation.txt,VNIR,1,on-axis,-254.718953550988,-254.72446230249508,0.0276582623960605,4.0,3.0,4.0,-0.0033799643231649996
229,15,1500,"No M1 Relief, 1/10x Retainer",SYS_20_(Preload_deformation)\,38.0,_Timestep_00015,_20231210\,SYS_20_(Preload_deformation)\38_Timestep_00015_20231210\Surface_00_Deformation.txt,VNIR,1,on-axis,-254.718953550988,-254.72446230249508,0.0276582623960605,5.0,3.0,4.0,-0.00018087393468994148
230,15,1500,"No M1 Relief, 1/10x Retainer",SYS_20_(Preload_deformation)\,38.0,_Timestep_00015,_20231210\,SYS_20_(Preload_deformation)\38_Timestep_00015_20231210\Surface_00_Deformation.txt,VNIR,1,on-axis,-254.718953550988,-254.72446230249508,0.0276582623960605,6.0,3.0,4.0,0.004743984630129464
231,15,1500,"No M1 Relief, 1/10x Retainer",SYS_20_(Preload_deformation)\,38.0,_Timestep_00015,_20231210\,SYS_20_(Preload_deformation)\38_Timestep_00015_20231210\Surface_00_Deformation.txt,VNIR,1,on-axis,-254.718953550988,-254.72446230249508,0.0276582623960605,7.0,3.0,4.0,7.1507688578740315e-06
232,15,1500,"No M1 Relief, 1/10x Retainer",SYS_20_(Preload_deformation)\,38.0,_Timestep_00015,_20231210\,SYS_20_(Preload_deformation)\38_Timestep_00015_20231210\Surface_00_Deformation.txt,VNIR,1,on-axis,-254.718953550988,-254.72446230249508,0.0276582623960605,8.0,3.0,4.0,3.876938882550608e-05
233,15,1500,"No M1 Relief, 1/10x Retainer",SYS_20_(Preload_deformation)\,38.0,_Timestep_00015,_20231210\,SYS_20_(Preload_deformation)\38_Timestep_00015_20231210\Surface_00_Deformation.txt,VNIR,1,on-axis,-254.718953550988,-254.72446230249508,0.0276582623960605,9.0,3.0,4.0,-0.00015853144749830494
234,15,1500,"No M1 Relief, 1/10x Retainer",SYS_20_(Preload_deformation)\,38.0,_Timestep_00015,_20231210\,SYS_20_(Preload_deformation)\38_Timestep_00015_20231210\Surface_00_Deformation.txt,VNIR,1,on-axis,-254.718953550988,-254.72446230249508,0.0276582623960605,10.0,3.0,4.0,-0.00016710879209054372
235,15,1500,"No M1 Relief, 1/10x Retainer",SYS_20_(Preload_deformation)\,38.0,_Timestep_00015,_20231210\,SYS_20_(Preload_deformation)\38_Timestep_00015_20231210\Surface_00_Deformation.txt,VNIR,1,on-axis,-254.718953550988,-254.72446230249508,0.0276582623960605,11.0,3.0,4.0,0.02386632522817246
236,15,1500,"No M1 Relief, 1/10x Retainer",SYS_20_(Preload_deformation)\,38.0,_Timestep_00015,_20231210\,SYS_20_(Preload_deformation)\38_Timestep_00015_20231210\Surface_00_Deformation.txt,VNIR,1,on-axis,-254.718953550988,-254.72446230249508,0.0276582623960605,12.0,3.0,4.0,-0.0009075087992009033
237,15,1500,"No M1 Relief, 1/10x Retainer",SYS_20_(Preload_deformation)\,38.0,_Timestep_00015,_20231210\,SYS_20_(Preload_deformation)\38_Timestep_00015_20231210\Surface_00_Deformation.txt,VNIR,1,on-axis,-254.718953550988,-254.72446230249508,0.0276582623960605,13.0,3.0,4.0,-0.00011521971315955276
238,15,1500,"No M1 Relief, 1/10x Retainer",SYS_20_(Preload_deformation)\,38.0,_Timestep_00015,_20231210\,SYS_20_(Preload_deformation)\38_Timestep_00015_20231210\Surface_00_Deformation.txt,VNIR,1,on-axis,-254.718953550988,-254.72446230249508,0.0276582623960605,14.0,3.0,4.0,-0.00019609046473634948
239,15,1500,"No M1 Relief, 1/10x Retainer",SYS_20_(Preload_deformation)\,38.0,_Timestep_00015,_20231210\,SYS_20_(Preload_deformation)\38_Timestep_00015_20231210\Surface_00_Deformation.txt,VNIR,1,on-axis,-254.718953550988,-254.72446230249508,0.0276582623960605,15.0,3.0,4.0,0.0001243457429470702
240,16,1600,"No M1 Relief, 1/10x Retainer",SYS_20_(Preload_deformation)\,42.0,_Timestep_00016,_20231210\,SYS_20_(Preload_deformation)\42_Timestep_00016_20231210\Surface_00_Deformation.txt,VNIR,1,on-axis,-254.718953550988,-254.72472879316663,0.0289971757116227,1.0,3.0,4.0,0.023110867198150233
241,16,1600,"No M1 Relief, 1/10x Retainer",SYS_20_(Preload_deformation)\,42.0,_Timestep_00016,_20231210\,SYS_20_(Preload_deformation)\42_Timestep_00016_20231210\Surface_00_Deformation.txt,VNIR,1,on-axis,-254.718953550988,-254.72472879316663,0.0289971757116227,2.0,3.0,4.0,5.064928772652761e-05
242,16,1600,"No M1 Relief, 1/10x Retainer",SYS_20_(Preload_deformation)\,42.0,_Timestep_00016,_20231210\,SYS_20_(Preload_deformation)\42_Timestep_00016_20231210\Surface_00_Deformation.txt,VNIR,1,on-axis,-254.718953550988,-254.72472879316663,0.0289971757116227,3.0,3.0,4.0,0.00044426696097366134
243,16,1600,"No M1 Relief, 1/10x Retainer",SYS_20_(Preload_deformation)\,42.0,_Timestep_00016,_20231210\,SYS_20_(Preload_deformation)\42_Timestep_00016_20231210\Surface_00_Deformation.txt,VNIR,1,on-axis,-254.718953550988,-254.72472879316663,0.0289971757116227,4.0,3.0,4.0,-0.003375923613585362
244,16,1600,"No M1 Relief, 1/10x Retainer",SYS_20_(Preload_deformation)\,42.0,_Timestep_00016,_20231210\,SYS_20_(Preload_deformation)\42_Timestep_00016_20231210\Surface_00_Deformation.txt,VNIR,1,on-axis,-254.718953550988,-254.72472879316663,0.0289971757116227,5.0,3.0,4.0,-8.613680192091911e-06
245,16,1600,"No M1 Relief, 1/10x Retainer",SYS_20_(Preload_deformation)\,42.0,_Timestep_00016,_20231210\,SYS_20_(Preload_deformation)\42_Timestep_00016_20231210\Surface_00_Deformation.txt,VNIR,1,on-axis,-254.718953550988,-254.72472879316663,0.0289971757116227,6.0,3.0,4.0,0.004841155126245987
246,16,1600,"No M1 Relief, 1/10x Retainer",SYS_20_(Preload_deformation)\,42.0,_Timestep_00016,_20231210\,SYS_20_(Preload_deformation)\42_Timestep_00016_20231210\Surface_00_Deformation.txt,VNIR,1,on-axis,-254.718953550988,-254.72472879316663,0.0289971757116227,7.0,3.0,4.0,1.3319131797823671e-05
247,16,1600,"No M1 Relief, 1/10x Retainer",SYS_20_(Preload_deformation)\,42.0,_Timestep_00016,_20231210\,SYS_20_(Preload_deformation)\42_Timestep_00016_20231210\Surface_00_Deformation.txt,VNIR,1,on-axis,-254.718953550988,-254.72472879316663,0.0289971757116227,8.0,3.0,4.0,7.083265021495133e-05
248,16,1600,"No M1 Relief, 1/10x Retainer",SYS_20_(Preload_deformation)\,42.0,_Timestep_00016,_20231210\,SYS_20_(Preload_deformation)\42_Timestep_00016_20231210\Surface_00_Deformation.txt,VNIR,1,on-axis,-254.718953550988,-254.72472879316663,0.0289971757116227,9.0,3.0,4.0,-0.0001577303749485886
249,16,1600,"No M1 Relief, 1/10x Retainer",SYS_20_(Preload_deformation)\,42.0,_Timestep_00016,_20231210\,SYS_20_(Preload_deformation)\42_Timestep_00016_20231210\Surface_00_Deformation.txt,VNIR,1,on-axis,-254.718953550988,-254.72472879316663,0.0289971757116227,10.0,3.0,4.0,-0.00015841691731516408
250,16,1600,"No M1 Relief, 1/10x Retainer",SYS_20_(Preload_deformation)\,42.0,_Timestep_00016,_20231210\,SYS_20_(Preload_deformation)\42_Timestep_00016_20231210\Surface_00_Deformation.txt,VNIR,1,on-axis,-254.718953550988,-254.72472879316663,0.0289971757116227,11.0,3.0,4.0,0.025237034475594288
251,16,1600,"No M1 Relief, 1/10x Retainer",SYS_20_(Preload_deformation)\,42.0,_Timestep_00016,_20231210\,SYS_20_(Preload_deformation)\42_Timestep_00016_20231210\Surface_00_Deformation.txt,VNIR,1,on-axis,-254.718953550988,-254.72472879316663,0.0289971757116227,12.0,3.0,4.0,-0.0009372055313579865
252,16,1600,"No M1 Relief, 1/10x Retainer",SYS_20_(Preload_deformation)\,42.0,_Timestep_00016,_20231210\,SYS_20_(Preload_deformation)\42_Timestep_00016_20231210\Surface_00_Deformation.txt,VNIR,1,on-axis,-254.718953550988,-254.72472879316663,0.0289971757116227,13.0,3.0,4.0,-0.00014391795163752312
253,16,1600,"No M1 Relief, 1/10x Retainer",SYS_20_(Preload_deformation)\,42.0,_Timestep_00016,_20231210\,SYS_20_(Preload_deformation)\42_Timestep_00016_20231210\Surface_00_Deformation.txt,VNIR,1,on-axis,-254.718953550988,-254.72472879316663,0.0289971757116227,14.0,3.0,4.0,-0.00023161818846745936
254,16,1600,"No M1 Relief, 1/10x Retainer",SYS_20_(Preload_deformation)\,42.0,_Timestep_00016,_20231210\,SYS_20_(Preload_deformation)\42_Timestep_00016_20231210\Surface_00_Deformation.txt,VNIR,1,on-axis,-254.718953550988,-254.72472879316663,0.0289971757116227,15.0,3.0,4.0,0.00012989988516468512
255,17,1700,"No M1 Relief, 1/10x Retainer",SYS_20_(Preload_deformation)\,46.0,_Timestep_00017,_20231210\,SYS_20_(Preload_deformation)\46_Timestep_00017_20231210\Surface_00_Deformation.txt,VNIR,1,on-axis,-254.718953550988,-254.72499453609973,0.0303354789127528,1.0,3.0,4.0,0.028640673888119004
256,17,1700,"No M1 Relief, 1/10x Retainer",SYS_20_(Preload_deformation)\,46.0,_Timestep_00017,_20231210\,SYS_20_(Preload_deformation)\46_Timestep_00017_20231210\Surface_00_Deformation.txt,VNIR,1,on-axis,-254.718953550988,-254.72499453609973,0.0303354789127528,2.0,3.0,4.0,0.00031426586248971267
257,17,1700,"No M1 Relief, 1/10x Retainer",SYS_20_(Preload_deformation)\,46.0,_Timestep_00017,_20231210\,SYS_20_(Preload_deformation)\46_Timestep_00017_20231210\Surface_00_Deformation.txt,VNIR,1,on-axis,-254.718953550988,-254.72499453609973,0.0303354789127528,3.0,3.0,4.0,0.0005354303442566782
258,17,1700,"No M1 Relief, 1/10x Retainer",SYS_20_(Preload_deformation)\,46.0,_Timestep_00017,_20231210\,SYS_20_(Preload_deformation)\46_Timestep_00017_20231210\Surface_00_Deformation.txt,VNIR,1,on-axis,-254.718953550988,-254.72499453609973,0.0303354789127528,4.0,3.0,4.0,-0.003447588533990343
259,17,1700,"No M1 Relief, 1/10x Retainer",SYS_20_(Preload_deformation)\,46.0,_Timestep_00017,_20231210\,SYS_20_(Preload_deformation)\46_Timestep_00017_20231210\Surface_00_Deformation.txt,VNIR,1,on-axis,-254.718953550988,-254.72499453609973,0.0303354789127528,5.0,3.0,4.0,0.0002001444409761674
260,17,1700,"No M1 Relief, 1/10x Retainer",SYS_20_(Preload_deformation)\,46.0,_Timestep_00017,_20231210\,SYS_20_(Preload_deformation)\46_Timestep_00017_20231210\Surface_00_Deformation.txt,VNIR,1,on-axis,-254.718953550988,-254.72499453609973,0.0303354789127528,6.0,3.0,4.0,0.0049079808211948866
261,17,1700,"No M1 Relief, 1/10x Retainer",SYS_20_(Preload_deformation)\,46.0,_Timestep_00017,_20231210\,SYS_20_(Preload_deformation)\46_Timestep_00017_20231210\Surface_00_Deformation.txt,VNIR,1,on-axis,-254.718953550988,-254.72499453609973,0.0303354789127528,7.0,3.0,4.0,3.1410250244045286e-05
262,17,1700,"No M1 Relief, 1/10x Retainer",SYS_20_(Preload_deformation)\,46.0,_Timestep_00017,_20231210\,SYS_20_(Preload_deformation)\46_Timestep_00017_20231210\Surface_00_Deformation.txt,VNIR,1,on-axis,-254.718953550988,-254.72499453609973,0.0303354789127528,8.0,3.0,4.0,0.00010741464819157283
263,17,1700,"No M1 Relief, 1/10x Retainer",SYS_20_(Preload_deformation)\,46.0,_Timestep_00017,_20231210\,SYS_20_(Preload_deformation)\46_Timestep_00017_20231210\Surface_00_Deformation.txt,VNIR,1,on-axis,-254.718953550988,-254.72499453609973,0.0303354789127528,9.0,3.0,4.0,-0.00017838342688297185
264,17,1700,"No M1 Relief, 1/10x Retainer",SYS_20_(Preload_deformation)\,46.0,_Timestep_00017,_20231210\,SYS_20_(Preload_deformation)\46_Timestep_00017_20231210\Surface_00_Deformation.txt,VNIR,1,on-axis,-254.718953550988,-254.72499453609973,0.0303354789127528,10.0,3.0,4.0,-0.00015736098060390667
265,17,1700,"No M1 Relief, 1/10x Retainer",SYS_20_(Preload_deformation)\,46.0,_Timestep_00017,_20231210\,SYS_20_(Preload_deformation)\46_Timestep_00017_20231210\Surface_00_Deformation.txt,VNIR,1,on-axis,-254.718953550988,-254.72499453609973,0.0303354789127528,11.0,3.0,4.0,0.026607405583091177
266,17,1700,"No M1 Relief, 1/10x Retainer",SYS_20_(Preload_deformation)\,46.0,_Timestep_00017,_20231210\,SYS_20_(Preload_deformation)\46_Timestep_00017_20231210\Surface_00_Deformation.txt,VNIR,1,on-axis,-254.718953550988,-254.72499453609973,0.0303354789127528,12.0,3.0,4.0,-0.0009599188309835368
267,17,1700,"No M1 Relief, 1/10x Retainer",SYS_20_(Preload_deformation)\,46.0,_Timestep_00017,_20231210\,SYS_20_(Preload_deformation)\46_Timestep_00017_20231210\Surface_00_Deformation.txt,VNIR,1,on-axis,-254.718953550988,-254.72499453609973,0.0303354789127528,13.0,3.0,4.0,-0.00018000173103305847
268,17,1700,"No M1 Relief, 1/10x Retainer",SYS_20_(Preload_deformation)\,46.0,_Timestep_00017,_20231210\,SYS_20_(Preload_deformation)\46_Timestep_00017_20231210\Surface_00_Deformation.txt,VNIR,1,on-axis,-254.718953550988,-254.72499453609973,0.0303354789127528,14.0,3.0,4.0,-0.0002658406808265819
269,17,1700,"No M1 Relief, 1/10x Retainer",SYS_20_(Preload_deformation)\,46.0,_Timestep_00017,_20231210\,SYS_20_(Preload_deformation)\46_Timestep_00017_20231210\Surface_00_Deformation.txt,VNIR,1,on-axis,-254.718953550988,-254.72499453609973,0.0303354789127528,15.0,3.0,4.0,0.00013881010972823765
270,18,1800,"No M1 Relief, 1/10x Retainer",SYS_20_(Preload_deformation)\,50.0,_Timestep_00018,_20231210\,SYS_20_(Preload_deformation)\50_Timestep_00018_20231210\Surface_00_Deformation.txt,VNIR,1,on-axis,-254.718953550988,-254.72525993081047,0.0316981898722905,1.0,3.0,4.0,0.03414897207031734
271,18,1800,"No M1 Relief, 1/10x Retainer",SYS_20_(Preload_deformation)\,50.0,_Timestep_00018,_20231210\,SYS_20_(Preload_deformation)\50_Timestep_00018_20231210\Surface_00_Deformation.txt,VNIR,1,on-axis,-254.718953550988,-254.72525993081047,0.0316981898722905,2.0,3.0,4.0,0.0005235534393532352
272,18,1800,"No M1 Relief, 1/10x Retainer",SYS_20_(Preload_deformation)\,50.0,_Timestep_00018,_20231210\,SYS_20_(Preload_deformation)\50_Timestep_00018_20231210\Surface_00_Deformation.txt,VNIR,1,on-axis,-254.718953550988,-254.72525993081047,0.0316981898722905,3.0,3.0,4.0,0.0005381943132984915
273,18,1800,"No M1 Relief, 1/10x Retainer",SYS_20_(Preload_deformation)\,50.0,_Timestep_00018,_20231210\,SYS_20_(Preload_deformation)\50_Timestep_00018_20231210\Surface_00_Deformation.txt,VNIR,1,on-axis,-254.718953550988,-254.72525993081047,0.0316981898722905,4.0,3.0,4.0,-0.003518240609492812
274,18,1800,"No M1 Relief, 1/10x Retainer",SYS_20_(Preload_deformation)\,50.0,_Timestep_00018,_20231210\,SYS_20_(Preload_deformation)\50_Timestep_00018_20231210\Surface_00_Deformation.txt,VNIR,1,on-axis,-254.718953550988,-254.72525993081047,0.0316981898722905,5.0,3.0,4.0,0.00033610953492753734
275,18,1800,"No M1 Relief, 1/10x Retainer",SYS_20_(Preload_deformation)\,50.0,_Timestep_00018,_20231210\,SYS_20_(Preload_deformation)\50_Timestep_00018_20231210\Surface_00_Deformation.txt,VNIR,1,on-axis,-254.718953550988,-254.72525993081047,0.0316981898722905,6.0,3.0,4.0,0.005077709189786125
276,18,1800,"No M1 Relief, 1/10x Retainer",SYS_20_(Preload_deformation)\,50.0,_Timestep_00018,_20231210\,SYS_20_(Preload_deformation)\50_Timestep_00018_20231210\Surface_00_Deformation.txt,VNIR,1,on-axis,-254.718953550988,-254.72525993081047,0.0316981898722905,7.0,3.0,4.0,3.656350942077766e-05
277,18,1800,"No M1 Relief, 1/10x Retainer",SYS_20_(Preload_deformation)\,50.0,_Timestep_00018,_20231210\,SYS_20_(Preload_deformation)\50_Timestep_00018_20231210\Surface_00_Deformation.txt,VNIR,1,on-axis,-254.718953550988,-254.72525993081047,0.0316981898722905,8.0,3.0,4.0,0.00013714815374638332
278,18,1800,"No M1 Relief, 1/10x Retainer",SYS_20_(Preload_deformation)\,50.0,_Timestep_00018,_20231210\,SYS_20_(Preload_deformation)\50_Timestep_00018_20231210\Surface_00_Deformation.txt,VNIR,1,on-axis,-254.718953550988,-254.72525993081047,0.0316981898722905,9.0,3.0,4.0,-0.00020349531701771694
279,18,1800,"No M1 Relief, 1/10x Retainer",SYS_20_(Preload_deformation)\,50.0,_Timestep_00018,_20231210\,SYS_20_(Preload_deformation)\50_Timestep_00018_20231210\Surface_00_Deformation.txt,VNIR,1,on-axis,-254.718953550988,-254.72525993081047,0.0316981898722905,10.0,3.0,4.0,-0.00017071330886431798
280,18,1800,"No M1 Relief, 1/10x Retainer",SYS_20_(Preload_deformation)\,50.0,_Timestep_00018,_20231210\,SYS_20_(Preload_deformation)\50_Timestep_00018_20231210\Surface_00_Deformation.txt,VNIR,1,on-axis,-254.718953550988,-254.72525993081047,0.0316981898722905,11.0,3.0,4.0,0.027974080936199488
281,18,1800,"No M1 Relief, 1/10x Retainer",SYS_20_(Preload_deformation)\,50.0,_Timestep_00018,_20231210\,SYS_20_(Preload_deformation)\50_Timestep_00018_20231210\Surface_00_Deformation.txt,VNIR,1,on-axis,-254.718953550988,-254.72525993081047,0.0316981898722905,12.0,3.0,4.0,-0.0009990806105881073
282,18,1800,"No M1 Relief, 1/10x Retainer",SYS_20_(Preload_deformation)\,50.0,_Timestep_00018,_20231210\,SYS_20_(Preload_deformation)\50_Timestep_00018_20231210\Surface_00_Deformation.txt,VNIR,1,on-axis,-254.718953550988,-254.72525993081047,0.0316981898722905,13.0,3.0,4.0,-0.00020645692435093766
283,18,1800,"No M1 Relief, 1/10x Retainer",SYS_20_(Preload_deformation)\,50.0,_Timestep_00018,_20231210\,SYS_20_(Preload_deformation)\50_Timestep_00018_20231210\Surface_00_Deformation.txt,VNIR,1,on-axis,-254.718953550988,-254.72525993081047,0.0316981898722905,14.0,3.0,4.0,-0.00029928759030018316
284,18,1800,"No M1 Relief, 1/10x Retainer",SYS_20_(Preload_deformation)\,50.0,_Timestep_00018,_20231210\,SYS_20_(Preload_deformation)\50_Timestep_00018_20231210\Surface_00_Deformation.txt,VNIR,1,on-axis,-254.718953550988,-254.72525993081047,0.0316981898722905,15.0,3.0,4.0,0.00014559490587686148
285,19,1900,"No M1 Relief, 1/10x Retainer",SYS_20_(Preload_deformation)\,54.0,_Timestep_00019,_20231210\,SYS_20_(Preload_deformation)\54_Timestep_00019_20231210\Surface_00_Deformation.txt,VNIR,1,on-axis,-254.718953550988,-254.72552403116265,0.0330425464563699,1.0,3.0,4.0,0.03965850407226621
286,19,1900,"No M1 Relief, 1/10x Retainer",SYS_20_(Preload_deformation)\,54.0,_Timestep_00019,_20231210\,SYS_20_(Preload_deformation)\54_Timestep_00019_20231210\Surface_00_Deformation.txt,VNIR,1,on-axis,-254.718953550988,-254.72552403116265,0.0330425464563699,2.0,3.0,4.0,0.0008050280432945342
287,19,1900,"No M1 Relief, 1/10x Retainer",SYS_20_(Preload_deformation)\,54.0,_Timestep_00019,_20231210\,SYS_20_(Preload_deformation)\54_Timestep_00019_20231210\Surface_00_Deformation.txt,VNIR,1,on-axis,-254.718953550988,-254.72552403116265,0.0330425464563699,3.0,3.0,4.0,0.0006501539288931871
288,19,1900,"No M1 Relief, 1/10x Retainer",SYS_20_(Preload_deformation)\,54.0,_Timestep_00019,_20231210\,SYS_20_(Preload_deformation)\54_Timestep_00019_20231210\Surface_00_Deformation.txt,VNIR,1,on-axis,-254.718953550988,-254.72552403116265,0.0330425464563699,4.0,3.0,4.0,-0.003584757679236538
289,19,1900,"No M1 Relief, 1/10x Retainer",SYS_20_(Preload_deformation)\,54.0,_Timestep_00019,_20231210\,SYS_20_(Preload_deformation)\54_Timestep_00019_20231210\Surface_00_Deformation.txt,VNIR,1,on-axis,-254.718953550988,-254.72552403116265,0.0330425464563699,5.0,3.0,4.0,0.00033874759368155756
290,19,1900,"No M1 Relief, 1/10x Retainer",SYS_20_(Preload_deformation)\,54.0,_Timestep_00019,_20231210\,SYS_20_(Preload_deformation)\54_Timestep_00019_20231210\Surface_00_Deformation.txt,VNIR,1,on-axis,-254.718953550988,-254.72552403116265,0.0330425464563699,6.0,3.0,4.0,0.005152960956739841
291,19,1900,"No M1 Relief, 1/10x Retainer",SYS_20_(Preload_deformation)\,54.0,_Timestep_00019,_20231210\,SYS_20_(Preload_deformation)\54_Timestep_00019_20231210\Surface_00_Deformation.txt,VNIR,1,on-axis,-254.718953550988,-254.72552403116265,0.0330425464563699,7.0,3.0,4.0,4.927098937578933e-05
292,19,1900,"No M1 Relief, 1/10x Retainer",SYS_20_(Preload_deformation)\,54.0,_Timestep_00019,_20231210\,SYS_20_(Preload_deformation)\54_Timestep_00019_20231210\Surface_00_Deformation.txt,VNIR,1,on-axis,-254.718953550988,-254.72552403116265,0.0330425464563699,8.0,3.0,4.0,0.00017335971459659218
293,19,1900,"No M1 Relief, 1/10x Retainer",SYS_20_(Preload_deformation)\,54.0,_Timestep_00019,_20231210\,SYS_20_(Preload_deformation)\54_Timestep_00019_20231210\Surface_00_Deformation.txt,VNIR,1,on-axis,-254.718953550988,-254.72552403116265,0.0330425464563699,9.0,3.0,4.0,-0.00021076587553762465
294,19,1900,"No M1 Relief, 1/10x Retainer",SYS_20_(Preload_deformation)\,54.0,_Timestep_00019,_20231210\,SYS_20_(Preload_deformation)\54_Timestep_00019_20231210\Surface_00_Deformation.txt,VNIR,1,on-axis,-254.718953550988,-254.72552403116265,0.0330425464563699,10.0,3.0,4.0,-0.00018661191292377506
295,19,1900,"No M1 Relief, 1/10x Retainer",SYS_20_(Preload_deformation)\,54.0,_Timestep_00019,_20231210\,SYS_20_(Preload_deformation)\54_Timestep_00019_20231210\Surface_00_Deformation.txt,VNIR,1,on-axis,-254.718953550988,-254.72552403116265,0.0330425464563699,11.0,3.0,4.0,0.02933842006411803
296,19,1900,"No M1 Relief, 1/10x Retainer",SYS_20_(Preload_deformation)\,54.0,_Timestep_00019,_20231210\,SYS_20_(Preload_deformation)\54_Timestep_00019_20231210\Surface_00_Deformation.txt,VNIR,1,on-axis,-254.718953550988,-254.72552403116265,0.0330425464563699,12.0,3.0,4.0,-0.0010160998361905993
297,19,1900,"No M1 Relief, 1/10x Retainer",SYS_20_(Preload_deformation)\,54.0,_Timestep_00019,_20231210\,SYS_20_(Preload_deformation)\54_Timestep_00019_20231210\Surface_00_Deformation.txt,VNIR,1,on-axis,-254.718953550988,-254.72552403116265,0.0330425464563699,13.0,3.0,4.0,-0.00021417815667618893
298,19,1900,"No M1 Relief, 1/10x Retainer",SYS_20_(Preload_deformation)\,54.0,_Timestep_00019,_20231210\,SYS_20_(Preload_deformation)\54_Timestep_00019_20231210\Surface_00_Deformation.txt,VNIR,1,on-axis,-254.718953550988,-254.72552403116265,0.0330425464563699,14.0,3.0,4.0,-0.00033558482402776274
299,19,1900,"No M1 Relief, 1/10x Retainer",SYS_20_(Preload_deformation)\,54.0,_Timestep_00019,_20231210\,SYS_20_(Preload_deformation)\54_Timestep_00019_20231210\Surface_00_Deformation.txt,VNIR,1,on-axis,-254.718953550988,-254.72552403116265,0.0330425464563699,15.0,3.0,4.0,0.00015126466728897334
300,20,2000,"No M1 Relief, 1/10x Retainer",SYS_20_(Preload_deformation)\,58.0,_Timestep_00020,_20231210\,SYS_20_(Preload_deformation)\58_Timestep_00020_20231210\Surface_00_Deformation.txt,VNIR,1,on-axis,-254.718953550988,-254.725789098763,0.0343965068650837,1.0,3.0,4.0,0.04504438813552081
301,20,2000,"No M1 Relief, 1/10x Retainer",SYS_20_(Preload_deformation)\,58.0,_Timestep_00020,_20231210\,SYS_20_(Preload_deformation)\58_Timestep_00020_20231210\Surface_00_Deformation.txt,VNIR,1,on-axis,-254.718953550988,-254.725789098763,0.0343965068650837,2.0,3.0,4.0,0.0009725136312137663
302,20,2000,"No M1 Relief, 1/10x Retainer",SYS_20_(Preload_deformation)\,58.0,_Timestep_00020,_20231210\,SYS_20_(Preload_deformation)\58_Timestep_00020_20231210\Surface_00_Deformation.txt,VNIR,1,on-axis,-254.718953550988,-254.725789098763,0.0343965068650837,3.0,3.0,4.0,0.0007423058390920774
303,20,2000,"No M1 Relief, 1/10x Retainer",SYS_20_(Preload_deformation)\,58.0,_Timestep_00020,_20231210\,SYS_20_(Preload_deformation)\58_Timestep_00020_20231210\Surface_00_Deformation.txt,VNIR,1,on-axis,-254.718953550988,-254.725789098763,0.0343965068650837,4.0,3.0,4.0,-0.0036909325331550584
304,20,2000,"No M1 Relief, 1/10x Retainer",SYS_20_(Preload_deformation)\,58.0,_Timestep_00020,_20231210\,SYS_20_(Preload_deformation)\58_Timestep_00020_20231210\Surface_00_Deformation.txt,VNIR,1,on-axis,-254.718953550988,-254.725789098763,0.0343965068650837,5.0,3.0,4.0,0.0003725368229165128
305,20,2000,"No M1 Relief, 1/10x Retainer",SYS_20_(Preload_deformation)\,58.0,_Timestep_00020,_20231210\,SYS_20_(Preload_deformation)\58_Timestep_00020_20231210\Surface_00_Deformation.txt,VNIR,1,on-axis,-254.718953550988,-254.725789098763,0.0343965068650837,6.0,3.0,4.0,0.0052132933971736056
306,20,2000,"No M1 Relief, 1/10x Retainer",SYS_20_(Preload_deformation)\,58.0,_Timestep_00020,_20231210\,SYS_20_(Preload_deformation)\58_Timestep_00020_20231210\Surface_00_Deformation.txt,VNIR,1,on-axis,-254.718953550988,-254.725789098763,0.0343965068650837,7.0,3.0,4.0,6.362573209211531e-05
307,20,2000,"No M1 Relief, 1/10x Retainer",SYS_20_(Preload_deformation)\,58.0,_Timestep_00020,_20231210\,SYS_20_(Preload_deformation)\58_Timestep_00020_20231210\Surface_00_Deformation.txt,VNIR,1,on-axis,-254.718953550988,-254.725789098763,0.0343965068650837,8.0,3.0,4.0,0.00019695789572254303
308,20,2000,"No M1 Relief, 1/10x Retainer",SYS_20_(Preload_deformation)\,58.0,_Timestep_00020,_20231210\,SYS_20_(Preload_deformation)\58_Timestep_00020_20231210\Surface_00_Deformation.txt,VNIR,1,on-axis,-254.718953550988,-254.725789098763,0.0343965068650837,9.0,3.0,4.0,-0.00021430010075412009
309,20,2000,"No M1 Relief, 1/10x Retainer",SYS_20_(Preload_deformation)\,58.0,_Timestep_00020,_20231210\,SYS_20_(Preload_deformation)\58_Timestep_00020_20231210\Surface_00_Deformation.txt,VNIR,1,on-axis,-254.718953550988,-254.725789098763,0.0343965068650837,10.0,3.0,4.0,-0.00020477313811916948
310,20,2000,"No M1 Relief, 1/10x Retainer",SYS_20_(Preload_deformation)\,58.0,_Timestep_00020,_20231210\,SYS_20_(Preload_deformation)\58_Timestep_00020_20231210\Surface_00_Deformation.txt,VNIR,1,on-axis,-254.718953550988,-254.725789098763,0.0343965068650837,11.0,3.0,4.0,0.03070192879975554
311,20,2000,"No M1 Relief, 1/10x Retainer",SYS_20_(Preload_deformation)\,58.0,_Timestep_00020,_20231210\,SYS_20_(Preload_deformation)\58_Timestep_00020_20231210\Surface_00_Deformation.txt,VNIR,1,on-axis,-254.718953550988,-254.725789098763,0.0343965068650837,12.0,3.0,4.0,-0.0010318258316935553
312,20,2000,"No M1 Relief, 1/10x Retainer",SYS_20_(Preload_deformation)\,58.0,_Timestep_00020,_20231210\,SYS_20_(Preload_deformation)\58_Timestep_00020_20231210\Surface_00_Deformation.txt,VNIR,1,on-axis,-254.718953550988,-254.725789098763,0.0343965068650837,13.0,3.0,4.0,-0.00022746908359378315
313,20,2000,"No M1 Relief, 1/10x Retainer",SYS_20_(Preload_deformation)\,58.0,_Timestep_00020,_20231210\,SYS_20_(Preload_deformation)\58_Timestep_00020_20231210\Surface_00_Deformation.txt,VNIR,1,on-axis,-254.718953550988,-254.725789098763,0.0343965068650837,14.0,3.0,4.0,-0.00037158945657395136
314,20,2000,"No M1 Relief, 1/10x Retainer",SYS_20_(Preload_deformation)\,58.0,_Timestep_00020,_20231210\,SYS_20_(Preload_deformation)\58_Timestep_00020_20231210\Surface_00_Deformation.txt,VNIR,1,on-axis,-254.718953550988,-254.725789098763,0.0343965068650837,15.0,3.0,4.0,0.00015611790513536168
